名称,品质,商城价格,商城价格2,具体描述,物品类型
"""锁芯""",奇珍,1388回声,,黑色的“锁”，困住曾经红色的“芯”（[限定]时装，周边礼包获得）,奇珍品质时装
221B书桌,,950回声,,,家具
221B药剂台,,950回声,,,家具
“百科全书”,,60回声,,了解智慧不仅仅依靠眼睛，了解人类更是如此。,商城限时时装
“暴君”,独特,60回声,,规则，是束缚也是保护。,独特品质时装
“冰鳐”,,1888回声,8388碎片,,稀世随身物品
“裁缝夫人”,,1388回声,,“你认识她，就如同每个年幼或不再年幼，真实或虚构的孩子那样——她用针线缝出你幻想中的好朋友，就与你期待的如出一辙。”,奇珍时装
“朝圣者”,,1388回声,,人们口口相传那个关于海妖的传说——为她献上最纯正的恶，她将会赐予你等同于她的力量。,奇珍时装
“慈善家” 求抱抱,,158回声,,求抱抱动作，“慈善家”专属,限时个性动作
“慈善家” 数金币,,158回声,,“慈善家”匹配大厅动作，数金币,独特等待动作
“答案”,独特,60回声,,提出正确的问题，往往是寻求答案的过程中最至关重要的一步。,独特品质时装
“大人物”,,60回声,,嘿，机灵点，“大人物”说出来的从来都不是他想要的，那些没有说出来的才是。,商城限时时装
“达阵”,独特,60回声,,球场的输赢早已无关紧要，此刻的冲锋只为证明：有些真相，本就该撞碎规则。,独特品质时装
“厄运”,,1388回声,,祭司抽出书匣里尘封的塔罗，排列出命运不祥的纹路。,奇珍时装
“非卖品”,奇珍,1388回声,,里奥·贝克成了这次展销会最抢眼的展架，一身行头都由最佳的羊毛纺成——还有那条手织的红围巾，那是一件珍贵的“非卖品”。,奇珍品质时装
“干杯”,,60回声,,被厄运选中前的每一天，都值得为暂时的侥幸举杯。,商城限时时装
“告诫书”,独特,60回声,,书页上写就的冰冷铁律，是他亲手为自己铸下的桎梏。,独特品质时装
“光明”,稀世,1888回声,8388碎片,游鱼是什么？飞鸟又是什么？<br>在黑暗中，陪伴她的只有那微弱的“亮光”和她自己的想象力。,稀世品质随身物品
“鬼烛”,稀世,2888回声,12888碎片,漫无尽头的夜色中，她点燃一支烛火，引导那些徘徊不去的残魂，找到最终的解脱。,稀世品质时装
“好孩子”,,1388回声,,“——猜猜看，现在是谁醒着？”,奇珍时装
“黑羊”,,60回声,,如果所有人都是伪善的小偷，那么我就去当那个诚实的“恶人”。,商城限时时装
“华生小姐”,,2888回声,,或许……只是一种伪装？,稀世时装
“建筑师”,,2888回声,12888碎片,太阳以西，梦无尽头。,限时时装
“杰克” 祝福,,98回声,,祝福动作，“杰克”专属，最佳演绎动作,个性动作
“金乌”,,1888回声,8388碎片,,稀世随身物品
“剧场主持”,稀世,2888回声,12888碎片,扶正礼帽，拉紧外套，预备好一百句俏皮话和一千个花招。大幕拉开——好戏开场。,稀世品质时装
“绝缘使者”L,独特,318回声,1188碎片,暗流中的使者将所有人召集、连结，又将他们再次击碎，成为难以拼合的“绝缘体”。,独特品质时装
“盲区”,,1388回声,,恶行发生的角落，被迫成为所谓的“视线盲区”。,奇珍时装
“密约”,,1068回声,3888碎片,它的本质是一份借口，一句谎言，用以掩盖无法见光的真正交易与目的。,奇珍随身物品
“逆位”,,60回声,,她或许无所不知，但却把真相藏在了命途的倒影之中。,商城限时时装
“貔貅心锁”,奇珍,1068回声,,,奇珍品质随身物品
“切点线”,独特,60回声,,没有人告诉过他，有些人的前进是为了别人的欢呼，而非自己的方向。,独特品质时装
“桑槿”,,1888回声,8388碎片,,稀世随身物品
“试金石”,独特,60回声,,所有的金子在被发现之前，都显得暗淡而廉价。,独特品质时装
“守财奴”,,1388回声,,当命运的绳索重重缠绕，谁会成为我们的阿特洛波斯呢?,奇珍时装
“淑女”,,60回声,,太多次失望，已经让我明白，你的温顺，并不会得到他人“优雅”以待。,独特时装
“天鹅”,,60回声,,她总是按照自己的想法来表演，飞扬的裙摆上只盛得下称赞。,商城限时时装
“铁砧”,独特,60回声,,他的眼中没有顽铁，只有尚未被理解的形状。,独特品质时装
“万向轴”,独特,60回声,,一切自由的转向，从不曾脱离精确的约束与不可动摇的秩序。,独特品质时装
“晚钟”,独特,60回声,,不是警示，也不是悼念，只是夜色深处，一句温柔的告别。,独特品质时装
“王女”,,60回声,,在这里，人们不屈从于秩序，而服从于野心。,商城限时时装
“未知射线”X,,1388回声,,发明者忍痛掩藏着被光线腐蚀的左臂，却难以逃脱聚光灯下反叛的罪名。,奇珍时装
“匣中愿景”,独特,258回声,,花卉，大脑，美妙的化学反应。（机械师专属[限定]随身物品，周边礼包获得）,独特品质随身物品
“星辰”,稀世,1888回声,8388碎片,香水的最高杰作，如星辰般永恒闪耀。,稀世品质随身物品
“星空”,独特,158回声,968碎片,艺术有时只是通过了一双与众不同的眼睛发现了一件普通事物的另一种表达。,独特品质随身物品
“野孩子”,独特,60回声,,那些有形的高墙，无形的壁垒都无法阻止他对于心中旷野的向往，即便他从未到达。,独特品质时装
“引梦人”,奇珍,1388回声,,她曾为迷途之人引梦，点亮归途。如今却使一切欲望沉入深水，永眠于此。（[限定]时装，周边礼包获得）,奇珍品质时装
“羽毛扇”,独特,60回声,,所有的赞美，都该学会伴随她手中羽扇的律动起舞。,独特品质时装
“渊”,稀世,2888回声,12888碎片,极善与极恶，往往一念之间，倘若你睁开双眼看见的是“我”，那么欢迎来到极恶的深渊。,稀世品质时装
“重生”的艾玛,,230回声,,烧焦的气息和缝补的痕迹，这个走过坎坷历程的娃娃变得有些不像自己了。,家具
“重生”的羊羔,,1188碎片,318回声,每一次厄运，都可以当作一次成长的试炼，对那些幸存的羔羊而言。,独特时装
ALPHA,,888回声,,WE ARE ZETA DIVISION. Identity Ⅴ Japan League 2022夏季赛冠军ZETA DIVISION随从,奇珍随从
阿斯科特领巾,,258回声,968碎片,我已不再需要这种未进化生物的可笑掩饰了。,独特随身物品
爱哭鬼 回响,,288回声,,回响动作,个性动作
艾琳·艾德勒,,2888回声,,首席女歌手艾琳·艾德勒的服装,稀世时装
爱神之吻,,1388回声,,托于指尖的香吻，犹如丘比特的金箭，弹无虚发。,奇珍时装
艾札克·佛斯特,,2888回声,,艾札克·佛斯特的时装。,稀世时装
案件模拟,奇珍,788回声,2988碎片,为了确保描述的细节正确，有时你不得不亲手实践一下。,奇珍品质随身物品
安可,,318回声,,每当他们呼喊着“安可!安可!”，我多么希望他们是在呼唤我。,独特时装
黯岩护符,奇珍,788回声,2988碎片,黑色的岩石，蕴含着难以言喻的邪恶。,奇珍品质随身物品
暗影娃娃,独特,258回声,968碎片,梦之女巫根据自己的梦境制作的玩偶，让人不寒而栗,独特品质随身物品
敖烈,奇珍,1388回声,,“我是敖烈，西海龙王三太子！”,奇珍品质时装
傲雪梅花,,950回声,,一树寒梅白玉条，迥临村路傍溪桥。不知近水花先发，疑是经冬雪未销。——张谓《早梅》(2023年春节家具),家具
B.Duck,,2888回声,,B.Duck的礼物。,稀世时装
B.Duck潮,,1388回声,,Jack的礼物。,奇珍时装
B.Duck拍照框,,288回声,,B.Duck联动限定家具,独特家具
B.Duck浴缸,,1188回声,,B.Duck联动限定家具,奇珍家具
BETA,,888回声,,WE ARE ZETA DIVISION. Identity Ⅴ Japan League 2022秋季赛冠军ZETA DIVISION随从。,奇珍随从
BLK.ELI,,1388回声,,Game on！We are Team BLK！,奇珍时装
BLK.TRACY,,1388回声,,Game on！We are Team BLK！,奇珍时装
芭风特,,888回声,3188碎片,操纵魔法的羊羊，据说是从裂缝通道中出现的。,奇珍随从
白色沙发,,950回声,,,家具
白兔术士,奇珍,1388回声,,她是“猫咪夫人”最杰出的工匠，潜藏在浓雾中雕琢独属于她的艺术品。而她对“素材”们有着极高的美学标准，那些丑陋的、没礼貌的家伙，只配在齿轮的辗轧声中化为齑粉。,奇珍品质时装
百万人鱼,奇珍,1388回声,4888碎片,失去行走的天赋，便游出灿烂的水波。,奇珍品质时装
白无垢,,12888碎片,2888回声,吾人之身如朝雾，相思苦闷无处谒,稀世时装
白羽,奇珍,788回声,2988碎片,用神奇的白色羽毛制成,奇珍品质随身物品
半精灵骑士,,2888回声,12888碎片,他始终追随着世界之树的指引，无论命运将他引向何方，他都坚定不移地相信，秩序是黑暗中的曙光。,稀世时装
半身像,独特,258回声,968碎片,可惜，这永远无法成为现实。,独特品质随身物品
班苏里笛,奇珍,788回声,2988碎片,带着可以回想起家乡的音乐。,奇珍品质随身物品
邦邦欢唱,,950回声,,可播放各种音乐的点唱机，卡壳时只需在顶端大力猛击。,家具
邦邦疾驰,,2150回声,,出众速度，顶配座椅。两百匹马力，想象力驱动。,家具
豹斑,独特,288回声,1088碎片,医生也有着出挑的衣着品位，前卫的豹斑正是自己不甘现状的映照,独特品质时装
爆燃,奇珍,788回声,2988碎片,微弱的火星照亮了这技术的未来，但照不亮他的过去。,奇珍品质随身物品
报时鸟,稀世,1888回声,8388碎片,报时鸟会梦到天空吗？,稀世品质随身物品
保险柜,,950回声,4188线索,,奇珍家具
宝箱怪,,950回声,,,家具
贝壳地毯,,230回声,,这里面可没有珍珠（2023年“海岛夏日记”活动家具）,家具
贝克街221B,,3288回声,,,户型
贝拉夫人,,2888回声,12888碎片,"For stage lights,For which I'm born to die",稀世时装
被遗忘的乔治,奇珍,1388回声,4888碎片,同样的音符，有的人用它拼凑破碎的人生，有人用它书写惊世的华章。,奇珍品质时装
备用琴弓,独特,258回声,968碎片,有备用品是好事，但备用品也出问题了怎么办呢？,独特品质随身物品
彼岸,,1388回声,,是什么释放了那愤怒的灵魂，是干涸的爱意?还是破碎的容颜?,奇珍时装
彼岸花,独特,258回声,968碎片,花开无叶，叶生无花，花叶永不相见。  情不为因果，缘注定生死，一生彼岸，一盏忘川。,独特品质随身物品
壁画修复员,,1388回声,,天真如他，一直以为壁画内记录的是神明的故事，从未设想那不过是恶者的“墓志铭”。,奇珍时装
笔尖柔情,,1068回声,3888碎片,无法相见的恋人，通过这只笔连接在一起，最终成为了爱的象征。,奇珍随身物品
笔墨藏锋,,1068回声,3888碎片,笔书锦绣，墨蕴乾坤。,奇珍随身物品
鼻烟壶,独特,258回声,968碎片,这里面装着一种奇怪的孢子，能让你保持清醒,独特品质随身物品
毕业日,,1388回声,,或许，只有当脱下那身学袍之时，他才会发现，奔向真理的道路，并不是永远都是风雨满途。,奇珍时装
变彩,稀世,2888回声,12888碎片,变幻的色彩是一种恰当的伪装，但宝石的本质从不因观察的角度而改变。,稀世品质时装
变脸王,稀世,2888回声,12888碎片,戏曲辞旧岁，粉墨绘新禧。变脸变的是心情，更是生活的剪影。,稀世品质时装
便携火柴,,258回声,968碎片,不必担心巡夜时被风吹灭提灯了。,独特随身物品
缤纷姜饼拱门,,950回声,,,奇珍家具
宾虚,,1388回声,4888碎片,仇恨使你活着，爱使你自由。,奇珍时装
冰冻之心,,1388回声,8388碎片,瓦尔莱塔的悲惨经历早已让她的心寒冷如冰。,稀世随身物品
病服,独特,288回声,1088碎片,病痛与残障不是劣势，而是一种磨练,独特品质时装
冰晶,奇珍,788回声,2988碎片,来自雪国工匠师的作品，每时每刻都散发着浓烈的寒意。,奇珍品质随身物品
冰月挂饰,,230回声,,,独特家具
冰中蝶,,1388回声,,我喜欢被雪花包裹的感觉，纯洁，温暖，如同在茧房中安眠。可无视一切嘈杂与大厦倾塌时的震荡。,奇珍时装
博古架,,950回声,,古董上的斑点痕迹，诉说着它的过往。（2024年春节家具）,奇珍家具
不给糖就捣蛋,,950回声,4188线索,抽中大奖糖果的概率可是足足有五分之一呢！（2023年万圣节家具）,家具
不会枯萎的花,,2888回声,12888碎片,花朵向来娇嫩易逝，她只相信那些坚硬而闪光的——那才是永不颓败的梦与浪漫。,稀世时装
不羁的浪漫,,1388回声,,弓弦上跃动的不仅仅只有琴音，还有雀跃的灵魂与狂热的执迷。,奇珍时装
布朗熊,,1388回声,,布朗熊的礼物。,奇珍时装
不灭之火,稀世,1888回声,8388碎片,传说地狱中遍布着岩浆，身处其中的灵魂承受着永恒的折磨……听起来和现实也没有什么区别。,稀世品质随身物品
不速之客,,1388回声,4888碎片,来自古堡的客人，在他来之前，这里从未下过雪。,奇珍时装
补天裂,奇珍,1108回声,,苍天补，四极正；背方州，抱圆天。,奇珍品质时装
捕蝇草,独特,258回声,968碎片,在植物收藏方面，卢基诺也有独特的品味。,独特品质随身物品
捕蝇笼,独特,258回声,968碎片,出路就在眼前，但它们却视而不见。,独特品质随身物品
Buffy,,1388回声,,Buffy的礼物。,奇珍时装
彩绘琉璃,,230回声,1088线索,彩绘维系着虚无缥缈的美好，直到玻璃破碎，真实便从裂缝中流出。（2024年“逐浪！夏日运动会”活动系列家具）,家具
彩绘泥罐,独特,258回声,968碎片,手工制作的泥罐，绘制着远航者凝固在陶土中的归乡之梦。,独特品质随身物品
残花泪,奇珍,1388回声,4888碎片,今夜月明人未至，东风吹影入帘来。,奇珍品质时装
残局的王将,稀世,1888回声,8388碎片,以那未竟的一步走向君临,稀世品质随身物品
残缺锡兵,,258回声,968碎片,因为残缺而无法出售的次品，不过玩具商本人倒是很喜欢。,独特随身物品
粲然的北辰,稀世,2888回声,12888碎片,启明之途，伴汝同行。,稀世品质时装
蚕食者,,1388回声,,他们吹嘘我被他们从奴隶主的屠宰场中救下，这为什么要我感恩戴德，明明主人们为光辉所庇佑，蚀日的军团才是恶魔的爪牙。,奇珍时装
残樱,独特,258回声,968碎片,期待随花瓣一同凋落，沤成一片怨毒。,独特品质随身物品
仓鼠轮,独特,258回声,968碎片,踩仓鼠轮是工作吗？我不知道。<br>我只知道它们看上去很快乐。,独特品质随身物品
草编蚱蜢,独特,258回声,968碎片,他用少数野性伙伴不吃的东西在闲余时间做的小玩意。,独特品质随身物品
草莓红,罕见,438碎片,108回声,白芝麻，红心粒，甜香汁~~,罕见品质时装
草药膏,独特,258回声,968碎片,石臼里捣碎的药草叶片，凝作膏体时还带着属于森林的清香。,独特品质随身物品
测量者,,1388回声,,精准的数据，只会导向最“正确”的结果。,奇珍时装
茶话会,稀世,2888回声,12888碎片,乌鸦衔来教堂的玫瑰，南瓜亲吻灯火中的月亮，他邀你共赴无人出席的茶会——偶尔也会偷偷浪漫，忘记世俗的目光。,稀世品质时装
插花酒瓶,独特,258回声,968碎片,是谁做的插花?反正不是黛米。,独特品质随身物品
茶话时间,奇珍,1068回声,3888碎片,昼日奔命，你的梦境已经很匆忙，错过了白兔先生，就别再错过茶会和月光。,奇珍品质随身物品
柴郡猫,,2888回声,12888碎片,他总是带着平静、诱人的微笑来掩盖自己真正的个性。,稀世时装
产钳,独特,258回声,968碎片,每一道痕迹都是挣扎与重生的见证。,独特品质随身物品
厂长 望远镜,独特,258回声,968碎片,寻获珍宝之前，船长用它遥望过无数次心之所在方向，却从未向之踏过一步。,独特品质随身物品
超大布朗熊公仔,,1188回声,,Line Friends联动限定家具,奇珍家具
潮汐之歌,,2150回声,,这是一首沉没于海底的静谧诗篇，在摇晃着等候它的主人,稀世家具
超智,,1888回声,,记忆芯片会存储“金色的雨”么？,稀世随身物品
尘封的事务所,,968回声,4988线索,,户型
晨昏之隙,,1388回声,,一念起，踏过晨光，一念落，迈过暮影。他们诞生在晨曦与夜幕间，听风低语，观叶翩跹。,奇珍时装
沉沦的面具,,1068回声,3888碎片,赐予我挚爱之人假面，与他沉入灼热的甜梦与深渊。,奇珍随身物品
沉默宫殿,,3288回声,,,户型
沉睡的月,独特,258回声,968碎片,听说打哈气是会传染的，你瞧，连月亮都抵抗不住那诱人的睡意，沉沉睡去。,独特品质随身物品
成都GG·2022秋,,788回声,,Good Game，Well Play！2022IVL秋季赛冠军成都GG战队随从。,奇珍随从
成都GG·2023夏,,788回声,,Good Game，Well Play！2023IVL夏季赛冠军成都GG战队随从。,奇珍随从
乘龙戏珠,,2150回声,,乘龙驾雾，腾云戏珠。（2024年春节家具）,稀世家具
程小时&陆光,,1388回声,,无论过去，不问将来。,奇珍时装
冲浪板,,230回声,,不去冲浪的时候也可以挂在家里作为装饰品（2023年“海岛夏日记”活动家具）,家具
充气海豚,,1068回声,3888碎片,这份夏日的纪念品属于你：盛放的向日葵、干海星，还有浪花中最迅捷的蓝色掠影。,奇珍随身物品
充气鸭,,950回声,4188线索,,奇珍家具
楚翘,,1188碎片,318回声,纵使偏见如崇山，她也要争做这俗世场中的楚翘。,独特时装
初晴,,2308回声,,欲把西湖比西子，淡妆浓抹总相宜。<br>（第五人格×杭州西湖景区主题时装）,稀世时装
川上富江,,2888回声,12888碎片,盛气凌人的美丽少女，拥有无限增殖的能力与使人发狂的魔性,稀世时装
船型柜,,950回声,,即使惊涛骇浪，也要乘风而行（2023年“海岛夏日记”活动家具）,家具
船影,,1388回声,,他带着摇晃的憧憬，徜徉在起伏的波浪中，却从未察觉深水里的暗流。,奇珍时装
垂泪的神女,稀世,2888回声,12888碎片,泪水之后，我即荣光。,稀世品质时装
春日松果,,258回声,968碎片,哦，差点忘了它。,独特随身物品
春信,奇珍,1388回声,,残雪犹在，新芽却已悄然破土。带着泥土的芬芳与新生的喜悦，初绽的野花被细细编结，为山野间的朋友们捎去第一缕春的讯息。,奇珍品质时装
纯银子弹,奇珍,788回声,2988碎片,最后的这颗子弹，承载了那复仇的怒火，神圣的闪光下，邪恶无所遁形。,奇珍品质随身物品
此刻万籁俱寂,稀世,2888回声,12888碎片,此刻万籁俱寂，风儿平息<br>野兽和鸟儿都沉沉入睡<br>我观望，思索，燃烧，哀泣<br>只有想到她，心里才获得少许慰藉<br>我历经苦难，也无法到达彼岸<br>我日日死亡千万次，也复生千万次<br>但离幸福的彼岸还很漫长,稀世品质时装
璀璨的孤狼,奇珍,1388回声,,聚光灯为过去镀上梦境的辉芒，让贪婪与残忍披上无瑕的伪装。,奇珍品质时装
璀璨的荣耀,稀世,1888回声,,他用野心衡量每份“荣耀”的价码，将答案悬注于落幕之前。,稀世品质随身物品
催眠仪,奇珍,788回声,2988碎片,千万别盯着它看，一旦被催眠，迎接你的将是可怕的噩梦。,奇珍品质随身物品
翠鸟屏风,,950回声,,,家具
翠竹盆栽,,230回声,,翠竹苍苍，挺拔而立(2023年春节家具),家具
存钱罐,独特,258回声,968碎片,从裂隙中漏走的不止钱币，还有曾经幸福的灵魂。,独特品质随身物品
DOU5·2022夏,,888回声,,长风破浪，一往无前！2022IVL夏季赛冠军DOU5战队随从。,奇珍随从
大耳狗机械玩偶,,488回声,,第五人格 × 三丽鸥大明星 联动随从,独特随从
达芬奇,奇珍,1388回声,4888碎片,天才的画笔，除了记录眼下的美丽，还热衷于描摹未来的可能性。,奇珍品质时装
达克斯上校,奇珍,1388回声,4888碎片,光荣背后，荆棘丛生。,奇珍品质时装
大漠弦音,,950回声,,古国的城墙已经坍塌，但改良的乐器得以留存，空灵的弦音匿于蜃影，失落的文明生生不息。,家具
大型展示柜,,950回声,4188线索,,家具
弹弓,,198回声,968碎片,丽莎可喜欢我做给她的小玩具了。,独特随身物品
弹簧手,,1388回声,4888碎片,流浪少年靠着自制的装备在蒸汽之都中单打独斗，梦想着能加入由奇人异士组成的冒险团，一展身手。,时装
弹琴的蛙里奥,,230回声,,Line Friends联动限定家具,独特家具
诞于荒墟,独特,318回声,1188碎片,在那座名为憧憬的废墟之下，她最璀璨的理想从未倾颓。,独特品质时装
当铺老板,稀世,2888回声,12888碎片,大人们总是不惜一切代价与他作交换，但没人知道，从固执的孩子手里讨回东西远远比交换更难。,稀世品质时装
稻草人偶,独特,258回声,968碎片,燃烧过的稻草人偶,独特品质随身物品
捣蛋裘克,奇珍,1388回声,4888碎片,一二三，木头人。不许休息不许逃，一起捣乱一起闹。,奇珍品质时装
倒角,,60回声,,组装复杂的仪器之前，往往需要先平整零件的锐角。,商城限时时装
地层石蛋,奇珍,788回声,2988碎片,在地层深处挖出的一颗烫手石蛋，灼热的气息让人难以靠近。,奇珍品质随身物品
德米特里1号,奇珍,1068回声,3888碎片,一个锈迹斑斑的小机器人，这是希米亚2号为小主人德米特里亲手制作的礼物。,奇珍品质随身物品
地质锤,独特,258回声,968碎片,有时候，工具比人的感官更加可靠。,独特品质随身物品
登峰,,788回声,,以狼之名，许我荣光！第五人格职业联赛2023秋季赛冠军Wolves战队专属随身物品。,奇珍随身物品
灯龙影,,1888回声,8388碎片,灯影摇曳映龙舞，烛火通明照坦途。,稀世随身物品
第五枚爱箭,独特,258回声,968碎片,爱是最自私的开端，引发所有浪荡流连的余生。,独特品质随身物品
缔造者,,2888回声,12888碎片,当你的梦想与他人的不一样的时候，你就一定会孤独。而我的梦想，是那个美丽的新世界。,稀世时装
电掣,奇珍,788回声,2988碎片,闪电也追不上我！,奇珍品质随身物品
电光火石,,788回声,,WE ARE ZETA DIVISION. Identity Ⅴ Japan League 2023秋季赛冠军ZETA DIVISION战队专属随身物品。,奇珍随身物品
淀积的辉光,,788回声,,Good Game，Well Play！第五人格职业联赛2024夏季赛冠军成都GG战队专属随身物品。,奇珍随身物品
点亮星星的女孩,,838回声,,关爱视障儿童，点亮每个孩子的“心光”。,奇珍时装
电阻表,奇珍,788回声,2988碎片,根据欧姆定律制作的设备,奇珍品质随身物品
调香师 祝福,,98回声,,祝福动作，调香师专属，最佳演绎动作,个性动作
调音叉,独特,258回声,968碎片,声音的本源即是震动，音乐盒少不了调音叉的辅助,独特品质随身物品
调制架,稀世,1888回声,8388碎片,唉，味道还是不对。,稀世品质随身物品
蝶醉,奇珍,788回声,2988碎片,酒香中，蝴蝶迷醉而舞，流连忘返。,奇珍品质随身物品
冬,奇珍,1388回声,,冬的服装。,奇珍品质时装
冬蝉,,1388回声,,为执着的真理高歌，还是在权威下保持谦卑无声？若这孱弱的膜翅不足以驱散风雪，那便让我成为燃料，融化坚冰。,奇珍时装
东风遥,,2888回声,12888碎片,今日怜歧路，归来未拂衣,稀世时装
动力芯,,1388回声,,源源不断的燃料供养起永不停歇的机芯，每一条指令都化作流水线中的轰鸣，淹没所有杂音。,奇珍时装
冬日鱼居,,950回声,4188线索,,家具
冬日之窗,,950回声,4188线索,,家具
斗牛布,奇珍,788回声,2988碎片,没有人能戏弄这股蛮横的冲劲！,奇珍品质随身物品
斗牛士之吻,,1388回声,,红色是匹夫之勇最绮丽的装裱，不管它来自柔软的红唇，还是尖锐的牛角。,奇珍时装
毒蛇手杖,,3888碎片,1068回声,即使拿起了最令人恐惧的手杖，她举手投足间，仍然带着昔日的优雅与高贵。,奇珍随身物品
独特品质 虎尾,独特,258回声,,中岛敦-白虎的尾巴。,独特品质随身物品
独特品质 Vote盒子,独特,258回声,968碎片,准备好接受你的命运了么？,独特品质随身物品
独行者,奇珍,1388回声,4888碎片,黑暗中的生存法则——忍受这世间最不堪忍受的寂寞。,奇珍品质时装
毒液笔,奇珍,788回声,2988碎片,读吧，读吧，读的越多，陷得越深。,奇珍品质随身物品
断齿木梳,独特,258回声,968碎片,碧琼梳拥青螺髻。,独特品质随身物品
对决,稀世,1888回声,8388碎片,还好我技高一筹。,稀世品质随身物品
对香气很敏感的针猫,,950回声,,一幅猫咪的画……好像并不是普通猫……（2025年Ib联动限定获得）,奇珍家具
多加雷萨,,1388回声,,她曾是我最迷人的花朵，危险如野心，炽热如火焰。,奇珍时装
多色印刷,,1388回声,,这些醒目的颜色，既可勾勒成令人赞叹的高贵艺术，也能书写出对黑暗中罪恶的最后通牒。,奇珍时装
恶之花,,1388回声,,皮克曼曾相信人体是最美的艺术，但她相信这份美丽终会凋零。直到异界的腐朽在她身上开出恶的花瓣，她才明白自己最中意的诗集早已绽放，而自己将成为它永恒的代言人。,奇珍时装
法槌,,258回声,968碎片,你是不是以为可以决定我的命运?你错了。,独特随身物品
法典,奇珍,788回声,2988碎片,即使你心有疑虑，你也必须遵守法律。,奇珍品质随身物品
发条蝴蝶,稀世,1888回声,8388碎片,再拧半圈……飞咯！,稀世品质随身物品
发条鸟,独特,258回声,968碎片,机械的翅膀中浇筑着人类对天空的渴望。,独特品质随身物品
发型师,,318回声,,发型师掌握着大都会最大的秘密，也见证了这个秘密曝光后，所有色彩褪去的黑暗寂静。,独特时装
帆船长椅,,950回声,4188线索,,奇珍家具
繁花卜梦,,2888回声,12888碎片,,稀世时装
返生者,独特,318回声,1188碎片,“我们在遗迹的入口遇见了他，他半死不活地靠在半截石柱上，看着日出的方向，当我们问他为何来此时，他指了指我们，又指了指太阳，发出一个奇怪的音节，后来我想那有点类似科普特语里“家”的发音。”,独特品质时装
繁星地毯,,2150回声,11688线索,踩在上面，似乎能感受到星辰的温柔，体验到银河的浪漫。,稀世家具
飞镖柜,,950回声,4188线索,不来一发飞镖吗？（2023年“齐奈达堡的断章”活动家具）,家具
菲丽丝,奇珍,1388回声,4888碎片,当那场既定的意外发生在火车上，签署的保单即可生效，更重要的是……符合“双重赔偿”条款。,奇珍品质时装
飞毛腿雪人,,230回声,1088线索,模仿邮差的雪人，但送信犬去哪里了？（2023年圣诞节家具）,家具
菲尼克斯,,2888回声,12888碎片,于黑白刀尖权衡取舍的独行者，无人与他共悲喜。,稀世时装
飞行可妮兔,,230回声,,Line Friends联动限定家具,独特家具
焚火,,1068回声,3888碎片,焚火的烟花照亮了一个佳节的伊始。,奇珍随身物品
焚烬,,1068回声,3888碎片,高温炼制的严酷狱卒。,奇珍随身物品
愤怒河豚,奇珍,788回声,2988碎片,食物，还是毒物，这是一个问题。,奇珍品质随身物品
焚樱,,3888碎片,1068回声,吹雪樱散华，往去诉吾恨。游园赏樱所作发饰。,奇珍随身物品
风暴诞生,独特,318回声,1188碎片,反抗者必须与风暴同行，即便他们知道风暴不一定会带来晴朗。,独特品质时装
封闭木窗,,230回声,,,独特家具
封情,独特,258回声,968碎片,斯人已逝，丹青留影,独特品质随身物品
丰收晚宴,,2150回声,11688线索,一起加入宴会，坐下来慢慢享受“松鼠大厨”制作的菜肴吧！（2024年“田园秋收节”活动系列家具）,稀世家具
丰悦,,1388回声,,饱食的欢悦或许是转瞬即逝的幻觉，但饥饿的痛苦却是永生难忘的刻印。,奇珍时装
福尔摩斯冒险史,,1068回声,,最伟大侦探的伟大冒险,奇珍随身物品
弗雷齐,,888回声,3188碎片,狼的基本处事准则之一：忠贞不渝。,奇珍随从
父亲的怀表,稀世,1888回声,8388碎片,父亲所留下的遗物，永远停摆在那次意外爆炸的瞬间。,稀世品质随身物品
浮士德,,1388回声,4888碎片,万象皆俄顷，无非是映影。,奇珍时装
赋闲的水塘,,2150回声,11688线索,你在这里享受寂静，短暂的远离沉甸甸的舵手责任、冠军头衔。你在这里咀嚼孤独，重新回想起那次出海、如今同伴已不再。（2024年“逐浪！夏日运动会”活动系列家具）,稀世家具
缚翼,稀世,1888回声,8388碎片,在精心规划的轨迹之内，飞翔的自由不过是一种错觉。,稀世品质随身物品
盖提亚之遗,稀世,2888回声,12888碎片,人们都为这个勤勉而诚恳的年轻人感到庆幸，庆幸他虽遭难，却也因此获得重新开始的机会……没什么能够阻碍他步入光明前程，除了那个难以言明的秘密。,稀世品质时装
干板暗盒,独特,258回声,968碎片,这份永恒的记录将在黑暗中被仔细珍藏。,独特品质随身物品
乾坤袋,,1068回声,3888碎片,袋中有乾坤，收容了万物，也收纳着美好的祝福。,稀世随身物品
歌剧演员 花束,,98回声,,花束动作，歌剧演员专属,独特个性动作
哥特,独特,288回声,1088碎片,哥特风的俏皮小吊带，就是为了万圣节化妆舞会而准备的,独特品质时装
更纱,,1388回声,,曾经，她以为，那个人就像那些被琉璃折射的霁色烟波一般，只是一场目眩神迷的幻梦,奇珍时装
共潮生,,1068回声,3888碎片,潮廻不通，请自往还。,奇珍随身物品
共感,,1888回声,,是否只有触碰到胜利的边际，才能感知到梦想的重量？,稀世随身物品
工具袋,独特,258回声,968碎片,工具袋装的不是工具，而是问题的解法。,独特品质随身物品
工藤新一,,2388回声,,工藤新一的服装。,稀世时装
购物的丘可,,950回声,,Line Friends联动限定家具,奇珍家具
古典配枪,独特,258回声,968碎片,空军自入伍时便随身携带的配枪，即便没有什么特别的用处，她也相信这个老伙计会给自己带来一点好运,独特品质随身物品
古董商 点睛,,98回声,,点睛动作，古董商专属,个性动作
孤帆,独特,258回声,968碎片,绘出几道星月，仿佛有光；叠成一艘纸船，仿佛有路。,独特品质随身物品
古石面具,独特,258回声,968碎片,长有触手的石质破损面具,独特品质随身物品
古物化石,,258回声,968碎片,找了十五家店，没一个识货的。,独特随身物品
孤月骑士,,2888回声,12888碎片,骑士枯守着孤月的倒影，王子溺溺于谎言的河流。,稀世时装
古韵书斋,,2150回声,11688线索,,稀世家具
挂画组合2,,230回声,,,家具
怪诞南瓜塔,,950回声,4188线索,头戴奇怪帽子的南瓜之塔，适合摆放在门口（2022万圣节家具）,家具
怪鸟,,2888回声,12888碎片,那是一只挑食的鸟儿，她喜欢善良的甜美，恐惧的清冽，悲伤的浓郁还有绝望的回甘。,稀世时装
怪屋,,1068回声,3888碎片,怪屋里藏着什么？稚嫩的好奇心，一往无前的勇气，以及无数闪闪发光的快乐。,奇珍随身物品
观察者,,888碎片,,一个会记录你一举一动的玩意儿，你确定它不是监管者派来的?,独特随从
冠军舵手,稀世,2888回声,12888碎片,获胜的奖杯随身携带，共同夺冠的“战友”已然不在。,稀世品质时装
冠冕下的“爱德华”,奇珍,1388回声,4888碎片,当他戴上这顶本不属于自己的冠冕，加冕的并非荣耀，而是整个王国的重量，与一场无人知晓的盛大谎言。,奇珍品质时装
观星,,1068回声,3888碎片,看着你，永恒亦是刹那。,奇珍随身物品
鬼火南瓜,,888回声,3188碎片,万圣节的恶作剧怎能少了南瓜和鬼火?据说还有人给它作画！,奇珍随从
鬼脸披肩,奇珍,788回声,2988碎片,无面的雾都怪人将自己的表情全集中在这条诡异的披肩上。,奇珍品质随身物品
归宿家具 忘川渡人,,1188回声,11688线索,忘川渡人系列限定家具,稀世家具
归宿家具 远洋科考船,,2150回声,11688线索,“起航！向着未知！”“不，等等，这是什么……”（2024年“俄刻阿诺斯的航迹”活动期间家具）,稀世家具
归宿家具 遮阳伞,,230回声,,与躺椅搭配才是最快乐的（2023年“海岛夏日记”活动家具）,家具
归燕,奇珍,848回声,,“笙歌散尽游人去，始觉春空。垂下帘栊。双燕归来细雨中。”,奇珍品质随身物品
滚滚伙伴,,838回声,,嘿！来拍张彩色照片吗？（熊猫系列时装）,奇珍时装
哈雷车手,独特,288回声,1088碎片,哈雷车手是机械与激情的完美融合!,独特品质时装
哈姆雷特,奇珍,1388回声,4888碎片,"To be , or not to be , that is the question.",奇珍品质时装
海岸花环,,1068回声,3888碎片,准备赠与贵客的花环，表达了喜悦、欢乐，以及一些过度的热情。,奇珍随身物品
海滨地灯,,230回声,1088线索,,独特家具
海滨之窗,,950回声,4188线索,,奇珍家具
海滨装饰板,,230回声,1088线索,,独特家具
海德先生,奇珍,1388回声,4888碎片,每一种越界的欲望，都在等待着良知退场。,奇珍品质时装
海底遗物,奇珍,788回声,2988碎片,落入大海的，就属于大海了。,奇珍品质随身物品
海风轻语,,1068回声,3888碎片,潮水拍打脚踝，反复冲刷内心深处的记忆——不会离开，也从未遗忘。,奇珍随身物品
海军仪仗,独特,288回声,1088碎片,如果有谁认为仪仗队的军人只是摆设，那她一定会让他们彻底改观,独特品质时装
海螺,独特,258回声,968碎片,传说中有只海螺能起死回生，永驻容颜，是无数人渴求的珍宝，而这只连普通的光泽都失去了。,独特品质随身物品
海女巫,,1388回声,,她随波逐浪，在海的底处向上寻找阳光。,奇珍时装
海神的祝福,独特,258回声,968碎片,他们说，当你的船边出现海豚，这趟旅程就会一帆风顺。,独特品质随身物品
海鲜桶,奇珍,1068回声,,敖烈的海鲜桶。,奇珍品质随身物品
海盐特调,,2888回声,12888碎片,一点点杯边的盐粒，能在舌尖漫延成整片浪花。,稀世时装
海洋藏品柜,,230回声,1088线索,美丽的海洋标本，代表着本次科考之旅的收获（2024年“俄刻阿诺斯的航迹”活动期间家具）,家具
寒晶,稀世,2888回声,12888碎片,,稀世品质时装
寒霜,,2888回声,12888碎片,热情，就像过载的蒸汽，只会摧毁你的头脑，精密的智慧，需要时刻保持冷静。,限时稀世时装
汗水的谢礼,独特,258回声,968碎片,“谢谢你看我的表演。”,独特品质随身物品
含桃,独特,258回声,968碎片,齐讴秦吹卢女弦，千金雇笑买芳年,独特品质随身物品
寒香舞,稀世,2888回声,12888碎片,零落成泥碾作尘，只有香如故。,稀世品质时装
旱烟斗,独特,258回声,968碎片,一位酋长的礼物，代表友谊与和平,独特品质随身物品
喝彩,奇珍,788回声,2988碎片,最传统的搭档，最精彩的表演，让喝彩声经久不息。,奇珍品质随身物品
黑白美,,888回声,3188碎片,兔美老师被黑白熊欺负后变成的样子,奇珍随从
黑猫之窗,,230回声,4188线索,古老的城堡之中，“她”一直在默默地注视着你……（2023年万圣节家具）,家具
黑玫瑰,,1388回声,,在西部的酒馆中，充斥着形形色色的人，做着暴富美梦的淘金者、衣衫褴褛的落魄牛仔，当然还有像她这样的赏金猎人。对于黑玫瑰夫人来说，在西部，每个人头早已被明码标价。,奇珍时装
黑天鹅之羽,,1388回声,,她如何才能离开拘束的牢笼，如高贵冷艳的黑天鹅那样优雅地舞动在自己的天际？,奇珍时装
黑鸦,,1388回声,,掠杀的工具，王国的棋子……她被冠以太多名号，早已无法遵循自己内心的善意。,奇珍时装
黑郁金香,,1388回声,4888碎片,英雄，还是利己者？,奇珍时装
黑泽纱重,,1388回声,,黑泽纱重的时装,奇珍时装
Hello Kitty机械玩偶,,488回声,,第五人格×三丽鸥大明星 联动随从,独特随从
横木,,60回声,,小心，最微弱的击触，都可能落下败北的苦果。,商城限时时装
红蝶 致意,,98回声,,致意动作，红蝶专属，最佳演绎动作,个性动作
红镜龙,,950回声,,,家具
红菱艳,奇珍,1388回声,4888碎片,时至落幕，她终于脱下了那双被“诅咒”的红舞鞋。,奇珍品质时装
红叶笺,,198回声,968碎片,在深秋的红叶下，他是否也偶尔想起远方的故乡。,独特随身物品
红衣稻草人,,288回声,,,独特家具
呼唤,稀世,1888回声,8388碎片,伊德海拉，我们唯一的救主，请垂怜你的信徒。,稀世品质随身物品
护林人之弓,独特,258回声,968碎片,不归林守护者的象征,独特品质随身物品
弧矢星,奇珍,1108回声,,天弓寻狼，摘星冕誉。,奇珍品质时装
胡桃夹子,,1388回声,,咔啦，什么东西裂开了。,奇珍时装
胡子先生,,488回声,1488碎片,胡子先生从不拒绝好心人的小鱼干。,独特随从
华贵的餐桌,,950回声,,,家具
花嫁,稀世,2888回声,12888碎片,这是她曾憧憬过的装束，在失去那个人后获得了。,稀世品质时装
画家 收礼物,,98回声,,收礼物动作，画家专属,独特个性动作
花间晚祷,奇珍,1388回声,,蝴蝶停息于此：兴许这世间仍有自然之物，在冥冥中垂怜这双深藏仁爱与虔诚的眼睛。,奇珍品质时装
花轿,,2150回声,,,稀世家具
花千树,稀世,2888回声,12888碎片,东风夜放花千树，更吹落，星如雨。宝马雕车香满路。凤箫声动，玉壶光转，一夜鱼龙舞。,稀世品质时装
花蕊,,60回声,,艳丽的花蕊，不一定都来自爱与希望的呵护，也可能来自恨与疼痛的洗练。,商城限时时装
花序,稀世,2888回声,12888碎片,花香，春序。,稀世品质时装
化学实验台,,950回声,4188线索,实验守则第一条：不要乱尝手里的试剂。（2024年“俄刻阿诺斯的航迹”活动期间家具）,家具
唤潮,稀世,1888回声,8388碎片,暮去朝来淘不住，遂令东海变桑田。,稀世品质随身物品
欢呼,奇珍,788回声,2988碎片,向胜利冲刺！,奇珍品质随身物品
欢欢,,488回声,1488碎片,是一只猴子，还是一个外星人?《疯狂的外星人》电影联动限定随从,独特随从
欢闹靠椅,,950回声,,热闹的氛围颇为温馨，代价是别想坐在它上面安静地看完一行字。,家具
换牌器,独特,258回声,968碎片,命运的牌局，总有不为人知的洗牌者。,独特品质随身物品
荒诞之令,奇珍,1068回声,3888碎片,最荒诞的敕令是自封为皇。,奇珍品质随身物品
皇家骑兵,独特,288回声,1088碎片,皇家骑兵的礼服从来不只是一套华丽的着装，更是勇气、责任、实力的标志,独特品质时装
黄玫瑰之骸,稀世,1888回声,8388碎片,长眠于此的不仅仅只有歉意。,稀世品质随身物品
荒芜树灯,,950回声,4188线索,本已枯萎的树枝被人重新装饰、雕刻，再次展现出了生机（2022万圣节家具）,家具
谎言之杖,稀世,1888回声,8388碎片,若谎言编织的冠冕足够耀眼，那是否能够掩盖其下荒芜的真相？,稀世品质随身物品
荒原之花,奇珍,1388回声,,野风与山岚滋养了她蓬勃生长的理想。,奇珍品质时装
灰烬狂想,,1388回声,,灰烬中绽放花朵，才会记得火焰的炽烈。,奇珍时装
回旋镖,奇珍,788回声,2988碎片,击倒你的是过去的自己。,奇珍品质随身物品
毁誉之印,稀世,1888回声,8388碎片,在印章的敲击声中，他已经做好了毁约的准备。,稀世品质随身物品
婚礼请柬,独特,258回声,968碎片,不知遗忘在何处的请柬，已经成了一场悲剧演出的过期门票。,独特品质随身物品
火车头,,2888回声,12888碎片,他所坚守的列车没有到达站点。但即便寒冷封冻了一切，他仍要带着永不停熄的发动机，成为没有终点的末班车。,稀世时装
火火火,奇珍,788回声,2988碎片,生命和梦想，先燃尽的会是哪一个呢？,奇珍品质随身物品
火箭枕头,独特,258回声,968碎片,长时间的狩猎之后，我真想好好睡上一觉。,独特品质随身物品
火焰精灵,奇珍,788回声,2988碎片,调皮的火焰精灵窜到了这个小瓶之中。,奇珍品质随身物品
寄巢,独特,258回声,968碎片,巢穴是如此安宁，无情的掠夺者用谎言迷惑育雏的亲鸟，静静等待着能够打破“桎梏”的命运时刻。,独特品质随身物品
继电器,,258回声,968碎片,这个小部件在正常工作时能让人安全地操作百万伏特的电压。,独特随身物品
悸动,,1068回声,3888碎片,,奇珍随身物品
急冻核心,,1068回声,3888碎片,凝结，是科学赋予时间的伟大魔法。,限时奇珍随身物品
吉尔达,奇珍,1388回声,,吉尔达的服装。,奇珍品质时装
机关密匣,稀世,1888回声,8388碎片,当齿轮带动机关旋转，匣中的小小庄园会再度打开门扉，一如他记忆中的模样。,稀世品质随身物品
机关囚笼,奇珍,788回声,2988碎片,自由的鸟儿是关不住的。,奇珍品质随身物品
计划书,,1188碎片,318回声,最初，他只是拿出了一份计划，目标明确，路径清晰，却没有人相信这些狂想真的能实现。,独特时装
寂静闹钟,,388碎片,,警告：随时可能响起!,罕见随从
急救包,独特,258回声,968碎片,作为一个冒险家，有了急救包，就可以应付各种情况,独特品质随身物品
极乐熔毁,,788回声,2988碎片,看着它，可怜的小人儿。你的理性和灵魂正在逐渐逃离这个愚蠢世界。,奇珍随身物品
吉利,,888回声,3188碎片,狼的基本处事准则之一：有福同享，有难同当。,奇珍随从
机灵鬼,奇珍,1388回声,4888碎片,“喂，别担心，就当你是这个家的一份子！不论什么，我们都一起分享。”,奇珍品质时装
鸡毛掸子,独特,258回声,968碎片,尘埃落定之时，真相亦随之飘散。,独特品质随身物品
祭司 信物,独特,258回声,968碎片,古怪的填充物从中满溢而出，将其当做信物的人，其信仰一定异于常人,独特品质随身物品
吉祥物,独特,258回声,968碎片,希望今年也是个丰收年,独特品质随身物品
机械师 狐狸玩偶,奇珍,1068回声,,九月的狐狸玩偶。,奇珍品质随身物品
机械师松鼠,,888回声,3188碎片,没见过拿扳手的松鼠？现在你见到了。,奇珍随从
机械之心,奇珍,788回声,2988碎片,人偶师在嬉命人帮助下完成的组件，其衍生的拟态触手既能增强玩偶机动力，又能用于伪装。,奇珍品质随身物品
机械钟,,950回声,4188线索,,奇珍家具
记忆囚笼,,1068回声,3888碎片,锁链困住了记忆，却无法禁锢自由。,奇珍随身物品
集邮册,奇珍,788回声,2988碎片,你轻弃的废物，却是他人的宝物。,奇珍品质随身物品
积雨云,独特,258回声,968碎片,羊毛制成的织品有着不逊于真正云朵的洁白与柔软。,独特品质随身物品
加拉尔,,3888碎片,1068回声,星海之上，谁会为我引路,奇珍随身物品
加里,,1178回声,,身着破旧风衣的男人。（2025年Ib联动限定获得）,奇珍时装
家庭时光,奇珍,788回声,2988碎片,那些屋檐下亮起的灯火，曾见证过记录着爱意的家庭时光。,奇珍品质随身物品
家园设计师,奇珍,838回声,,了解丰容知识，让动物们自在成长！（熊猫系列时装）,奇珍品质时装
剪刀手爱德华,,1388回声,4888碎片,他终是回到了属于他的地方。,奇珍时装
剪骨钳,奇珍,788回声,2988碎片,锋利而狂热,奇珍品质随身物品
监管者通用 放礼炮,,98回声,,放礼炮动作，全监管者通用,个性动作
尖叫潘笛,奇珍,788回声,2988碎片,人们的尖叫是她现在唯一的乐音。,奇珍品质随身物品
检流计,,258回声,968碎片,精准有力的动作需要更加精准的电流引导。,独特随身物品
箭头挂坠,独特,258回声,968碎片,戴着它就会很安心。,独特品质随身物品
见证,稀世,1888回声,8388碎片,庐山烟雨浙江潮，未到千般恨不消。,稀世品质随身物品
翦烛,稀世,2888回声,12888碎片,,稀世品质时装
姜·皮耶,,888回声,3188碎片,外貌骇人的奇怪木偶，似乎拥有自己的意识。(《伊藤润二惊选集》联动限定随从),奇珍随从
姜饼人摆件,,230回声,1088线索,,家具
江户川柯南,,2388回声,,江户川柯南的服装。,稀世时装
脚踝终结者,独特,258回声,968碎片,看到它一身尖刺就明白小丑另一只脚的下场了，但小丑一直很钟爱这位演出的伙伴,独特品质随身物品
角色礼花（机械师）,,950回声,,可以发射机械师头像模样的烟花，一起在归宿里点燃试试吧！（2023年春节家具）,家具
角色礼花（魔术师）,,950回声,,可以发射魔术师头像模样的烟花，一起在归宿里点燃试试吧！（2023年春节家具）,家具
角色礼花（小丑）,,950回声,,可以发射小丑头像模样的烟花，一起在归宿里点燃试试吧！（2023年春节家具）,家具
结冰的齿轮,奇珍,788回声,2988碎片,理想的组件应在各种情况下照常运行，而这，是个失败品。,奇珍品质随身物品
街道挂画,,230回声,,,家具
桀桀,,788回声,,REJECT YOUR LIMITS. 2025IJL夏季赛冠军REJECT战队随从。,奇珍随从
介壳虫,,1968回声,3888碎片,透过夏的缝隙，看到的是一片安宁，花朵正在凋零，贝尔斯泰因真美。,奇珍随身物品
阶下囚,独特,318回声,1188碎片,我早说过，十年前就不该心慈手软让你活下来……我才是光辉之主，是高塔之王……,独特品质时装
金,,1388回声,4888碎片,年华易逝，惟愿他记得我年轻时的模样。,奇珍时装
进化,稀世,1888回声,8388碎片,并非所有物种都能存活，而这正是进化的意义。,稀世品质随身物品
禁忌之匙,奇珍,788回声,2988碎片,在漫长的岁月里，这把打开禁忌之门的钥匙，静静地躺在渺无人烟的山林中，耐心的等待着，等着那些好奇的人将灾难带回世界。,奇珍品质随身物品
金剪刀,,318回声,,第三个问题，枷锁之中的猎物，是该用顺从来换取一线生机，还是用反抗来与猎人同归于尽?,独特时装
金铃,独特,258回声,968碎片,舞者们喜欢的饰物,独特品质随身物品
金属照片框,,950回声,4188线索,,奇珍家具
金算盘,奇珍,1068回声,3888碎片,啪嗒、啪嗒......没人比他更会算数了！,奇珍品质随身物品
今夜不再,,2888回声,12888碎片,在红酒的微醺退去前离开吧，离开你选择遗忘的真相,稀世时装
金质玫瑰,独特,258回声,968碎片,很难相信如此精致的手工艺品出自远古人类之手,独特品质随身物品
锦中鳞,,1108回声,,锦鳞静波韬藏久，一跃龙门擢魁斗。,奇珍时装
惊鸿,,2888回声,12888碎片,鸿钧广运，嘉节良辰。灯影遂愿，千秋一梦中。,稀世时装
警徽,独特,258回声,968碎片,虽然出示了警徽，但仍然令人倍感不安，这警徽是否真属于他?,独特品质随身物品
鲸落,奇珍,788回声,2988碎片,坠入深渊，再重获新生。或许这也只是生命的又一场轮回。,奇珍品质随身物品
净面,奇珍,788回声,2988碎片,净面，是仪式的第一步。,奇珍品质随身物品
静止,独特,258回声,968碎片,如果连这种简单的运动都无法实现，又怎么实现永动？,独特品质随身物品
静滞旋风,独特,258回声,968碎片,一股旋风，停留在了它形成的那一刻,独特品质随身物品
镜中人,,888回声,3188碎片,镜与人俱去，镜归人不归。,奇珍随从
纠缠,奇珍,788回声,2988碎片,你永远摆脱不了我的，永远！,奇珍品质随身物品
酒瓶,独特,258回声,968碎片,胜利者才有资格享用欢庆的祝酒!,独特品质随身物品
旧日征帆,,1068回声,3888碎片,海不会留下探索者的航迹，但人们的记忆可以。人们铭记往昔，并将其重塑。,奇珍随身物品
救生绳,独特,258回声,968碎片,在坠落之前，它能够帮助你。在绝望之际，他将会拯救你。,独特品质随身物品
酒侍,,1188碎片,318回声,“是什么让你颤抖？是什么让酒渍染花了你的裙子？亲爱的，这可不像个淑女。”,独特时装
九月,奇珍,1388回声,,“我是九月，一条修炼了两百年的九尾狐！”,奇珍品质时装
剧毒囊体,奇珍,788回声,2988碎片,蜘蛛有很多令人生畏的武器，蛛网只是其中之一，别忘了还有那致命的剧毒，只要少许一点，就能决定猎物的命运。,奇珍品质随身物品
拒刃匕首,,1068回声,,艾札克·佛斯特的匕首。,奇珍随身物品
卷发棒,独特,258回声,968碎片,戏剧有时候需要一些波折才精彩。,独特品质随身物品
绝境航船,稀世,1888回声,8388碎片,绝望与成功总是相生相伴。,稀世品质随身物品
觉书,奇珍,1068回声,,射影机的说明书,奇珍品质随身物品
绝影,,1068回声,3888碎片,行动迅捷，身影难及。,奇珍随身物品
军刀,独特,258回声,968碎片,有着华丽刀鞘的廓尔喀军刀,独特品质随身物品
咖啡壶,稀世,1888回声,8388碎片,在没有灵感的时刻，连数清杯面浮沫都是一种有趣的娱乐。,稀世品质随身物品
卡诺匹斯罐,奇珍,788回声,2988碎片,太阳的光芒，对囚于阴影的人，太过刺眼了。,奇珍品质随身物品
勘探员 讨红包,,98回声,,讨红包动作，勘探员专属,个性动作
勘探员 祝福,,98回声,,祝福动作，勘探员专属，最佳演绎动作,个性动作
刻度修正,,1388回声,,也许她足够幸运，每一次都能修正厄运的差值。,奇珍时装
刻耳柏洛斯,,888回声,3188碎片,门内恶犬，请勿靠近!,随从
克拉拉,奇珍,1388回声,4888碎片,她精心准备了一个礼物，里面装着充满思念的小木屋。,奇珍品质时装
可妮兔,,1388回声,,可妮兔的礼物。,奇珍时装
科学的艺术,奇珍,788回声,2988碎片,命运是不可逆的公式，再伟大的科学无法为它赋值。,奇珍品质随身物品
科研员,独特,288回声,1088碎片,在危险的实验室中触碰科学的禁地，这又何尝不是另一种极具魅力的探险之旅呢?,独特品质时装
空境,独特,258回声,968碎片,破镜难圆人人皆知，但即便是无法换回的错误，也可以是一种新生。,独特品质随身物品
恐惧的旧影,奇珍,1388回声,4888碎片,她是被创伤、执念、错觉缠绕的生灵，却不愿被过去的阴影侵蚀命运。,奇珍品质时装
口琴,独特,258回声,968碎片,这是第一件与父亲共同完成的作品，上面镌刻的留言永远不会磨灭。,独特品质随身物品
酷洛米的眼镜,独特,288回声,,第五人格 × 三丽鸥大明星 联动随身物品,独特品质随身物品
枯萎壁灯,,230回声,1088线索,"万圣节来了,你准备好参加舞会了吗?(2022万圣节家具)",独特家具
枯萎的花冠,奇珍,788回声,2988碎片,枯荣在须臾间轮转，勾勒成永恒的圆。,奇珍品质随身物品
宽恕,稀世,1888回声,8388碎片,没有罪人值得被宽恕，包括我自己。,稀世品质随身物品
盔甲玩偶,独特,258回声,968碎片,这个玩具，总觉得在哪里见过？,独特品质随身物品
溃夜猎者,,1388回声,,腐朽的安宁亦需无声的屠戮，黑夜的猎者潜伏于此，手起之处，万籁俱寂。,奇珍时装
馈赠,稀世,1888回声,8388碎片,使人重获新生的馈赠，有时并不以祝福之名降临。,稀世品质随身物品
昆虫学者 回响,,288回声,,回响动作,个性动作
腊梅圆窗,,230回声,1088线索,,独特家具
莱拉,,1388回声,4888碎片,玛吉努，我在这里。,奇珍时装
蓝蝶,,88回声,388碎片,美丽的蓝蝶，会给予求生者心灵上的慰藉,罕见随从
兰闺惊梦,奇珍,1388回声,4888碎片,时光是回忆的最佳滤镜，在一切都未发生前。,奇珍品质时装
老式挂钟,,230回声,,,家具
乐谱笔,独特,258回声,968碎片,一挥而就。,独特品质随身物品
乐谱竹简,独特,258回声,968碎片,乐符已然模糊，但那旋律永远徘徊在记忆之中。,独特品质随身物品
乐园,奇珍,788回声,2988碎片,枯叶凋零，沉入泥土，当根系开始腐朽，曾经的乐园也随之一同倾覆。,奇珍品质随身物品
雷电生成器,稀世,1888回声,8388碎片,这个小装置蕴含大量的电能，看起来像是把一个球状闪电束缚在磁场中。,稀世品质随身物品
雷鼓,,788回声,,WE ARE ZETA DIVISION. Identity Ⅴ Japan League 2024夏季赛冠军ZETA DIVISION战队专属随身物品。,奇珍随身物品
雷霆万钧,,788回声,,WE ARE ZETA DIVISION. Identity Ⅴ Japan League 2023夏季赛冠军ZETA DIVISION战队专属随身物品。,奇珍随身物品
立式储物柜,,230回声,,,家具
李天辰,,1388回声,,李天辰的服装。,奇珍时装
栗子糕,,198回声,968碎片,对自然食材，品鉴和培育同样重要!,独特随身物品
量杯,独特,258回声,968碎片,精确的测量在任何时刻都至关重要。,独特品质随身物品
量角仪,独特,258回声,968碎片,如果人心的方可以像角度一样测量就好了。,独特品质随身物品
猎枪,独特,258回声,968碎片,赏金猎人们喜欢的武器，填入银质子弹就能干掉很多黑暗生物,独特品质随身物品
猎人的箭囊,稀世,1888回声,8388碎片,带上它，猎人会出现在你身边。,稀世品质随身物品
烈焰地毯,,2150回声,,,稀世家具
灵狛柴之助,,488回声,1488碎片,祥瑞御免，恶灵退散！柴之助的决心比顽石还要坚定！,独特随从
铃鼓,独特,258回声,968碎片,噢，卡门，跟着节拍一起起舞吧!,独特品质随身物品
灵河,,1888回声,8388碎片,灵河抚天际，游鱼相允翕。,稀世随身物品
灵魂回响,,950回声,4188线索,想听一听“他”的声音吗？（2023年万圣节家具）,家具
零件拍档,,1108回声,4888碎片,隶属能源企业。他曾经也是车手，在丧失斗志后便被强迫下放到赛场中充当援助。无时无刻，他都在懊悔自己被赛道吞灭的时间。,奇珍时装
零钱碗,奇珍,788回声,2988碎片,现在到打赏观众的时候了。,奇珍品质随身物品
灵蛇,,1388回声,,最机巧的“演员”，擅长将恶意佯装为热忱。,奇珍时装
灵犀妙探,稀世,2888回声,12888碎片,加入神秘的【幽灵社】后，他成为了一位灵异现象调查员，用自研的奇怪工具，探寻各种灵异传闻背后的真相。,稀世品质时装
铃语,,1068回声,3888碎片,象征月亮的眼睛，将镌刻于此，伴随铃语，成为佩戴者的护身符。,奇珍随身物品
六便士,独特,60回声,,哼！只有两手空空的人才会明白，相比高悬于天的月亮，这些硬币有着更令人安心的重量。,独特品质时装
六分仪,,258回声,968碎片,没有什么比迷失方向更可怕的了。,独特随身物品
硫化,独特,318回声,1188碎片,在这些灰黑色的“石块”被点燃前，没有人能预料这片火焰将蔓延至整片大地。,独特品质时装
镏金铜鹿,,1388回声,,那只镏金铜鹿，立在角落注视着、沉默着，等待着属于它的时代的来临。,奇珍时装
流纹,独特,318回声,1188碎片,这些冷硬的山石见证了那场灾难，熔火曾熄灭，但依旧在地底蛰伏着。,独特品质时装
刘枭,,1388回声,,刘枭的服装。,奇珍时装
流萤,,2888回声,12888碎片,我终于找到能治愈人心灵的一剂良药。,稀世时装
龙年挂灯,,230回声,,龙年的特色挂灯，点亮新春。（2024年春节家具）,独特家具
胧夜,稀世,12888碎片,2888回声,最后，鸟儿飞向了长夜，她张开喙，唱起祝福的歌，灿金的翅膀上闪耀着昔日的光辉。,稀世品质时装
龙之歌,稀世,1888回声,8388碎片,琴弦震颤的余音中，仍蛰伏着属于龙的歌谣。,稀世品质随身物品
笼中偶,,2888回声,12888碎片,金笼子，晃呀晃。小皮鞋，锃光亮。小主人，说爱我。小主人，剪翅膀。鸟儿衔来钢铁芯，在他头上轻轻放。金丝笼，小皮靴，统统抛下追月亮。旧阁楼，叮叮当，你猜谁在摇铃铛？,稀世时装
笼中之蝶,,1388回声,,她很喜欢《蝴蝶夫人》中那位纯真的东方女性，以为自己会寻到比之更为真挚的爱情，但未料自己的命运更是惨淡——汪洋吞噬了她的水手，也吞噬了她的一切。,奇珍时装
路牌,,258回声,968碎片,瞧一瞧，看一看，这里的演出真精彩！,独特随身物品
鹿头 请龙,,98回声,,请龙动作，鹿头专属,个性动作
落地钟,,950回声,4188线索,设计精巧又充满节庆氛围的摆设，美妙的旋律使人沉浸其中（2022圣诞节家具）,家具
罗密欧,奇珍,1388回声,4888碎片,与其因为得不到你的爱情而在这世上捱命，还不如在仇人的刀剑下丧生。,奇珍品质时装
落木,奇珍,788回声,2988碎片,就让冒险的这一刻永远定格。,奇珍品质随身物品
罗纳德,,1388回声,,“是你，纺织命运的丝线”——让它成为束缚所有人的罗网。,奇珍时装
罗生门,奇珍,1388回声,4888碎片,眼泪，可以用来愚弄众人，也可以用来愚弄自己。,奇珍品质时装
绿色盆栽1,,230回声,,,家具
绿色盆栽3,,230回声,,,家具
绿色盆栽4,,230回声,,,家具
律师 花束,,98回声,,花束动作，律师专属,独特个性动作
MRC·2024秋,,788回声,,我们就是奇迹！2024IVL秋季赛冠军MRC战队随从。,奇珍随从
马刺,独特,258回声,968碎片,可以不用，但不能没有。,独特品质随身物品
玛吉努,,1388回声,4888碎片,我行经过这面墙，莱拉家的墙，我亲亲地吻着它。夺走我心的可不是这座房子，而是住在里面的某个她。,奇珍时装
玛利亚公理,稀世,2888回声,12888碎片,洞悉的灵魂不拘于任何形体的束缚。她感知现实表皮下万物的本质，并将其写作比梦更光怪陆离的诗篇。,稀世品质时装
马年窗花1,,230回声,,,独特家具
马年窗花2,,230回声,,,独特家具
马年窗花3,,230回声,,,独特家具
马年窗花4,,230回声,,,独特家具
马年窗花5,,230回声,,,独特家具
马年吉祥挂饰,,230回声,,,独特家具
曼陀林,独特,258回声,968碎片,每个牛仔都该给自己备上一把,独特品质随身物品
曼陀罗折纸,独特,258回声,968碎片,每送走一名逝者，卡尔便折一朵曼陀罗，希望这逝去之花平安将亡魂带向彼岸。,独特品质随身物品
盲从,,288回声,1088碎片,知情同意，绝对顺从，盲目其实是对爱最优的观察视角。,独特时装
盲女 墨镜,独特,258回声,968碎片,墨镜下的眼眸失去了光明，但没有失去信念。,独特品质随身物品
毛巾置物架,,230回声,,,家具
茅龙书,,1888回声,8388碎片,起笔挥墨如有神，画龙点睛震乾坤。,稀世随身物品
猫猫南瓜塔,,950回声,4188线索,猫猫与南瓜的奇妙组合，摆在家里也很可爱吧？（2023年万圣节家具）,家具
猫咪玩偶,独特,258回声,968碎片,为它制作的玩偶，代表着我的心意，喜怒无常的利爪，也会在你身上留下印记。,独特品质随身物品
猫尾,,1888回声,8388碎片,每只猫都有一种共同的特质——神出鬼没,稀世随身物品
梅爱丽,,1178回声,,美术展中的神秘金发少女。（2025年Ib联动限定获得）,奇珍时装
镁粉药铲,独特,258回声,968碎片,镁粉可以撒在手上增加摩擦力，或者撒到喝倒彩的讨厌鬼眼睛里。,独特品质随身物品
玫瑰手杖（蓝）,,1314线索,388回声,世界上本没有蓝色的玫瑰，这深邃的蓝代表的是跨越不可能的爱。,奇珍随身物品
玫瑰藤,,1068回声,3888碎片,想得到真心的仙子，却总是将爱寄托于易碎之物。,奇珍随身物品
玫瑰之下,,1888回声,8388碎片,谨以此花献给沉默的你。,稀世随身物品
美乐蒂的眼镜,独特,288回声,,第五人格 × 三丽鸥大明星 联动随身物品,独特品质随身物品
美梦的灰烬,独特,318回声,1188碎片,在碰触到真相之前，我们仍可在记忆中描摹幸福的温度和欢愉的残影。,独特品质时装
魅影古堡,,3288回声,,,户型
煤油提灯,独特,258回声,968碎片,阴森的夜晚，光明有时会成为一种负担，却又不可或缺。,独特品质随身物品
梦境大耳狗,奇珍,1388回声,,第五人格 × 三丽鸥大明星 联动时装,奇珍品质时装
梦境中的爱丽丝,奇珍,1388回声,4888碎片,只有穿越梦境中所有的花园与泥沼，才能找到名为成长的宝物。,奇珍品质时装
梦魇结晶,稀世,1888回声,8388碎片,来自门之钥的水晶，保护菲欧娜免受噩梦伤害，但自身也在慢慢受到侵蚀，当水晶完全腐化后，没人知道会发生何等可怕的变故。,稀世品质随身物品
梦之使者,,1388回声,,人只有在醒来后才能区分梦境与现实，而她的职责，是让人长睡不醒,奇珍时装
密码筒,奇珍,788回声,2988碎片,我想我已经知道了里面是什么，我只是缺乏面对它的勇气。,奇珍品质随身物品
秘密,奇珍,788回声,2988碎片,给植物讲述的秘密永远不会被泄漏。,奇珍品质随身物品
迷你爱哭鬼,,888回声,3188碎片,爱哭爱闹的孩子更需要真切的关心。,奇珍随从
迷你厂长,,888回声,3188碎片,他只会静静地跟着你，就像曾经关切地注视着某人一样。,奇珍随从
迷你锤,奇珍,788回声,2988碎片,快速拆解设备。,奇珍品质随身物品
迷你噩梦,,888回声,3188碎片,,奇珍随从
迷你红蝶,,888回声,3188碎片,蝶舞翩跹，何人品赏，何人可依?,奇珍随从
迷你红夫人,,888回声,3188碎片,王后应随时保持优雅与从容－－无论是在摆弄棋子，还是凝视一盘即将入口的甜点。,奇珍随从
迷你黄衣,,888回声,3188碎片,你不但无法逃避它的注视，更会不自觉地被其吸引。,奇珍随从
迷你记录员,,888回声,3188碎片,,奇珍随从
迷你杰克,,888回声,3188碎片,保持距离是绅士应遵循的礼节，但它总是情不自禁地被猎物的背影所吸引……,奇珍随从
迷你鹿头,,666回声,3188碎片,保持凶狠和冷酷——这是在猎场中生存的第一法则。,奇珍随从
迷你梦之女巫,,888回声,3188碎片,伊德海拉从不跟随任何人，只是信徒向来难逃她的掌控。,奇珍随从
迷你孽蜥,,888回声,3188碎片,他对猎物的执着，可不仅仅限于戏弄。,奇珍随从
迷你摄影师,,888回声,3188碎片,他一直在追寻最精彩的角度，最动人的影像。,奇珍随从
迷你守夜人,,888回声,3188碎片,,奇珍随从
迷你宿伞,,888回声,3188碎片,相生相错的遗憾，是否还有机会弥补。,奇珍随从
迷你小丑,,888回声,3188碎片,谁都不会拒绝一个小小的玩笑，对吧?,奇珍随从
迷你渔女,,888回声,3188碎片,,奇珍随从
迷你愚人金,,888回声,3188碎片,,奇珍随从
迷你蜘蛛,,888回声,3188碎片,在这场游戏中，谁都不需要缝缝补补的体面。,奇珍随从
迷雾山庄,,4888回声,,,户型
民谣乐手,稀世,2888回声,12888碎片,创作的灵感往往来源于一杯麦子酒，或是酒酣之时一枚金币的赌注。,稀世品质时装
名片盒,独特,258回声,968碎片,谁知道什么时候用得上呢？,独特品质随身物品
魔典,稀世,1888回声,8388碎片,"""拿走命运权杖造成的灾难并没有让寻宝贵族得到教训，这本新的魔典会带绐他怎么样的命运呢，让我们拭目以待。""",稀世品质随身物品
模范机器,独特,258回声,968碎片,理想的机器，应该不知疲倦，且从不误时。,独特品质随身物品
模范生,,60回声,,象牙塔中的标尺，不能有一个刻度的偏差。,商城限时时装
摩根勒菲,,2888回声,12888碎片,让世界天翻地覆！,稀世时装
蘑菇圈,,1068回声,3888碎片,亲爱的，站到这儿来，要不要再跳一支舞？,奇珍随身物品
摩尼宝珠手链,奇珍,1068回声,,,奇珍品质随身物品
墨麒麟,,388回声,,麒麟者，为灵昭昭。咏于诗、书于春秋、杂于传记百家，世皆知其为祥，唯识墨麟者鲜矣。有墨色麒麟，乌骨复雪，其友谢氏、范式唤之“思无邪”。,独特随从
魔术猫,独特,258回声,968碎片,上次给大家变了一只兔子，它不是很开心，这次给大家变一只喵咪，希望你能喜欢。,独特品质随身物品
魔物管理人,,1188碎片,318回声,在他的精心规划下，魔物收藏室的一切都井井有条,独特时装
魔音回响,,1388回声,,在琴音的回响中，他掌握了与魔鬼交易的主动权。,奇珍时装
墨韵,奇珍,1388回声,4888碎片,风扫竹墨浅，云笼鹤影孤。,奇珍品质时装
木边浴缸,,950回声,,,家具
目标飞盘,独特,258回声,968碎片,用板球打飞盘并没有什么训练价值，但至少命中的声音很好听。,独特品质随身物品
木柄锉刀,,258回声,968碎片,精心打磨后的工件才能发挥最高效率。,独特随身物品
牧笛,,950回声,4188线索,,奇珍家具
木雕小鹿,独特,258回声,968碎片,被摩挲得逐渐温润的表面，已不再残留过去松枝的气息。,独特品质随身物品
木兰,奇珍,1388回声,4888碎片,万里赴戎机，关山度若飞。,奇珍品质时装
木偶剧场,,2150回声,,所有的齿轮和发条都在骚动着渴求灯光亮起，即便在谢幕之后。,稀世家具
木偶圆桌,,950回声,,摆上木偶之后，就放不下其他什么了。,家具
暮色之花,,2150回声,,,稀世家具
暮野低语,奇珍,788回声,2988碎片,暮色低垂，晚风轻拂，送来自然的低语。,奇珍品质随身物品
墓志铭,,1388回声,,献给自己的墓志铭：“安德鲁·克雷斯，鸢尾凋零，长眠于下。”,奇珍时装
木制书立,独特,258回声,968碎片,左右都是压迫之时，中间才会昂然挺立。,独特品质随身物品
南瓜地毯,,230回声,4188线索,=暗夜藤蔓的光芒如呼吸般闪烁。（2023年万圣节家具）,家具
南瓜吊灯,,950回声,,,奇珍家具
南瓜鬼,,1068回声,3888碎片,她一直犹豫不决，丧失了最后的逃跑机会。,奇珍随身物品
南瓜沙发,,950回声,,,家具
南瓜头饰,,950回声,,,家具
南瓜小灯,,230回声,1088线索,是谁在深夜拿着它前行?(2022万圣节家具),独特家具
男求生者 放礼炮,,98回声,,购买后获得【个性动作】男求生者-放礼炮,个性动作
男求生者 弄雪,,98回声,,弄雪动作，求生者通用,个性动作
男士胸花,独特,258回声,968碎片,“你愿意与我共舞一曲吗？”,独特品质随身物品
尼古拉斯的遗嘱,奇珍,788回声,2988碎片,传说里面藏着不死药的配方,奇珍品质随身物品
逆旅惊魂,奇珍,1388回声,4888碎片,怀揣秘密者以谎言堆砌虚幻的真实，追寻真相者用质问撕裂虚假的伪装。,奇珍品质时装
逆转之战,稀世,1888回声,8388碎片,在这场战斗中，你最多也只能追上我的影子。,稀世品质随身物品
年岁,,1388回声,,想变成风，变成云，变成海燕，去穿过海浪，穿过暴雨，去告诉爸爸妈妈，我在他们看不见的时候悄悄长大。,奇珍时装
黏土皇冠,独特,258回声,968碎片,费了这么大劲，居然只得到一坨黏土，真不值。,独特品质随身物品
鸟巢,独特,258回声,968碎片,爱哭鬼在孤儿院时期获得的鸟巢，是他内心为数不多的温柔,独特品质随身物品
聂莫黎,,2888回声,,聂莫黎夺取魕娘子法力后的装扮。,稀世时装
涅槃,稀世,1888回声,8388碎片,涅槃之火，驱尽灾厄,稀世品质随身物品
凝固的声音,奇珍,788回声,2988碎片,铃舌努力地震颤，却只留下无声的回响。,奇珍品质随身物品
凝结的梦境,奇珍,788回声,2988碎片,下雪了，下雪了，记得时时刻刻提醒自己，别睡去，别睡去，当双眼紧闭，不会是梦乡的甜蜜，最后刹那．唯有夺命的旋律。,奇珍品质随身物品
凝聚之水,奇珍,788回声,2988碎片,瓶中的水不停流动，形成了漩涡，仿佛具有生命一般。,奇珍品质随身物品
凝露,,788回声,2988碎片,夏虫不可以语冰。,奇珍随身物品
牛仔 回响,,288回声,,回响动作,个性动作
牛仔 作诗,,98回声,,作诗动作，牛仔专属,个性动作
农忙,,1188碎片,318回声,难忘农忙时期天边的两朵乌云，和飓风中心的“仲夏夜之梦”。,独特时装
弄影,,1888回声,8388碎片,唤醒人间石火梦，无情悲喜片时中。,稀世随身物品
暖冬记忆,奇珍,1388回声,,暖融融的围巾足以抵御寒冷，她悄悄驻足于花店的窗前：在暖黄的灯光下，父亲和母亲正着手布置着，他们也笑意盈盈。,奇珍品质时装
暖绒,,198回声,968碎片,甘吉小时候收到的玩具，是他行李中为数不多的收藏品。,独特随身物品
懦弱者,,318回声,,被恐惧所支配的人啊，一心渴求维持虚假现状。,独特时装
女仆装,奇珍,988回声,3688碎片,这套衣服套在身上并不合身，但却有种异样的心情……？,奇珍品质时装
女求生者 放礼炮,,98回声,,购买后获得【个性动作】女求生者-放礼炮和“小女孩”个性动作-放礼炮,个性动作
女求生者 弄雪,,98回声,,弄雪动作，求生者通用,个性动作
女士腕花,独特,258回声,968碎片,“我愿意。”,独特品质随身物品
女武神,,2888回声,12888碎片,向前，是加拉尔的征途，后退，是瓦尔哈拉的归处,稀世时装
OPH.JOKER,,1388回声,,Keep on fighting！We are Team OPH！,奇珍时装
OPH.LILY,,1388回声,,Keep on fighting！We are Team OPH！,奇珍时装
OPH.LUCA,,1388回声,,Keep on fighting！We are Team OPH！,奇珍时装
OPH.NAIB,,1388回声,,Keep on fighting！We are Team OPH！,奇珍时装
OPH.QI,,1388回声,,Keep on fighting！We are Team OPH！,奇珍时装
欧律狄刻,稀世,2888回声,12888碎片,你是回忆，还是梦境？,稀世品质时装
拍照的莎莉,,288回声,,Line Friends联动限定家具,独特家具
潘塔龙,,1388回声,,最后一杯阿蒙蒂亚度酒，请与我共饮。,奇珍时装
抛接球,,258回声,968碎片,上啊，威克！,独特随身物品
喷灯,,258回声,968碎片,调小火力来修正细节，调大火力来消灭细节。,独特随身物品
皮纳塔,奇珍,788回声,2988碎片,你也会感到疼痛吗?还是说那破裂流淌出的，并不是你的真心?,奇珍品质随身物品
琵琶,,950回声,4188线索,,奇珍家具
辟邪玩偶,奇珍,1068回声,,,奇珍品质随身物品
票箱,独特,258回声,968碎片,欢迎光临！希望您能够愉快地欣赏接下来的演出。,独特品质随身物品
瓶中的萤火虫,独特,258回声,968碎片,佣兵深知战争的残酷，他知道最难能可贵的是明白这一切，依然对世界充满希望。,独特品质随身物品
破船素描,独特,258回声,968碎片,仅靠一张粗糙的素描，完全无法再现当时的诡异之景。,独特品质随身物品
破损鸟笼,独特,258回声,968碎片,看来这只金丝雀“自由”了。,独特品质随身物品
破阵子,奇珍,1108回声,,千机巧制破敌阵，百日征得功与名，汗雨化金翎。,奇珍品质时装
蒲公英,独特,258回声,968碎片,轻风微拂，蒲公英那象征新生的种子便随风而去,独特品质随身物品
扑克牌,奇珍,788回声,2988碎片,数字与花色在指尖低伏排列，构造出一个诱人踏入的陷阱。,奇珍品质随身物品
起航日,,988回声,,伟大的船长，不会困于缱绻的梦乡。,商城限时时装
起哄,,258回声,968碎片,扔西红柿比扔臭鸡蛋好，洗一洗还能吃。,独特随身物品
漆匠,独特,288回声,1088碎片,病油漆工有着自己对匠心的坚持，那些盛行的涂鸦就有不少源自他引领的风潮,独特品质时装
奇趣美乐蒂,奇珍,1388回声,,第五人格 × 三丽鸥大明星 联动时装,奇珍品质时装
器械小桌,,230回声,,,家具
祈雨珠,稀世,2888回声,12888碎片,沧海遗珠初乍现，一跃龙门贺丰年。,稀世品质时装
祈愿之火,,230回声,1088线索,只要紧紧握在手中，火焰就不会熄灭，希望就永远存在。（2024年“逐浪！夏日运动会”活动系列家具）,家具
千里绘卷,,2888回声,,山水之间，展卷人挥毫泼墨，将千里江山收于画卷——固然作画者已然离去，“青山”将永存于世。,稀世时装
前生忆,独特,258回声,968碎片,那些人，那些事，都已经在沉沙中斑驳。,独特品质随身物品
潜水头盔,独特,258回声,968碎片,戴上头盔，见证真实。,独特品质随身物品
襁褓,,258回声,968碎片,为什么只有我在问为什么？,独特随身物品
强化手臂,奇珍,788回声,2988碎片,给他用的机械强化手臂？谁强化谁？,奇珍品质随身物品
墙面储藏柜,,230回声,,,家具
乔苓,,1388回声,,乔苓的服装。,奇珍时装
晴天娃娃,奇珍,788回声,2988碎片,大都好物不坚牢，彩云易散琉璃脆。,奇珍品质随身物品
清樽,,1888回声,8388碎片,清樽对孤影，杯酒敬月盈。,稀世随身物品
琼楼遗恨,奇珍,1388回声,4888碎片,她性格坚毅，艳光四射，永远知道自己想要什么。,奇珍品质时装
秋枫制服,独特,288回声,,邮差的秋季制服，还带着金灿灿的枫叶装饰。,独特品质时装
秋菊屏风,,230回声,,简洁的木制屏风上装饰着秋菊图案，典雅美丽(2023年春节家具),家具
秋日随想,奇珍,580回声,,给你讲个故事吧：我的风琴在唱秋天的乐曲，我的威克正乘树叶随波旅行。,奇珍品质时装
全冰饮料,,1068回声,3888碎片,哪一个更冰冷？这杯饮料，还是你的心？,奇珍随身物品
痊愈,,1388回声,,"“余愿以此纯洁神圣之心,终身执行余之职务。”",奇珍时装
群首,,2888回声,12888碎片,污水巷，尾巴摇，肉骨香，飘过墙。裁判们，敲饭碗："胜利者，才给粮！"星星疤，是勋章，为根骨头撕破肠。某天乌云吞月亮，疤面一口咬住哨，现在大家排成行，一齐分享肉更香。,稀世时装
群星之泪,独特,158回声,968碎片,瓦尔莱塔早年收到的礼物，这样一份善意却无法改变冰冷的现实。,独特品质随身物品
ROOK-e4,,1188碎片,318回声,被预设的弃子，并不一定，是最早退场的棋子,独特时装
燃烬,奇珍,788回声,2988碎片,火光能照亮前路，对某些人来说也能带来刻骨铭心的苦楚。,奇珍品质随身物品
燃烧的乐章,稀世,1888回声,8388碎片,当演奏这一乐章时，空气中总会莫名出现硫磺与沥青的味道。,稀世品质随身物品
热浪,,318回声,,有着无穷生命力的地狱舞者，慕名跟随奏者而来。她蜷曲的尾巴在舞动中如同火焰在燃烧，随着演出交锋不断升温，翻起阵阵热浪。,独特时装
热气球模型,独特,258回声,968碎片,也许做的再大一些，就可以带着丽莎飞起来了。,独特品质随身物品
认知启迪师,奇珍,838回声,,不止竹香，更有心光，从行为读懂心声，用丰容唤醒本能。<br>（熊猫系列时装）,奇珍品质时装
日晷密钥,奇珍,1068回声,3888碎片,秘密只在知晓它存在之人的口中流传。,奇珍品质随身物品
日月地毯,,230回声,,以星光为线，编织而成的日月地毯（2025年“群星之下的启迪”活动系列家具）,独特家具
日月书柜,,230回声,1088线索,古老的书籍，其中的秘密伴随日月的交替，永恒循环着。,家具
日月相随,,1388回声,4888碎片,永生相随，不复相见。,奇珍时装
Rice,,1388回声,,Rice的礼物。,奇珍时装
融合,独特,318回声,1188碎片,当那些颜色混合在一起，便创造出了一种混沌而扭曲的黑。,独特品质时装
入殓师 捉迷藏,,98回声,,捉迷藏动作，入殓师专属,个性动作
入梦枕,奇珍,788回声,2988碎片,躺卧羽枕之上，梦境便成为短暂重逢的舞台。,奇珍品质随身物品
入梦之刃,独特,258回声,,这把匕首封存了回忆，让过往永远停留在挥出的那一刻。（渔女专属[限定]随身物品，周边礼包获得）,独特品质随身物品
撒玛拉,奇珍,1388回声,4888碎片,每场献祭，都需要牺牲你仅有的，来换取你奢望的。,奇珍品质时装
莎乐美,奇珍,1388回声,4888碎片,你的嘴唇尝起来有一些苦涩，也许，那就是爱情的味道。但那有什么关系呢？我终于吻到你了。,奇珍品质时装
莎莉,,1178回声,,莎莉的礼物。,奇珍时装
沙滩城堡,,230回声,1088线索,,独特家具
沙滩地毯,,950回声,4188线索,,奇珍家具
沙滩雕塑,,950回声,,是谁雕刻出了如此精细的雕塑，却又随风而去（2023年“海岛夏日记”活动家具）,家具
沙滩海豹,,230回声,1088线索,,独特家具
沙滩纪念挂饰,,230回声,,当风来临时，会响起清脆的碰撞声（2023年“海岛夏日记”活动家具）,家具
沙滩镜,,1068回声,3888碎片,不仅能遮挡阳光，还可以用来假装在海边度假。,奇珍随身物品
沙滩沐浴,,2150回声,11688线索,,稀世家具
沙滩企鹅,,230回声,1088线索,,独特家具
沙滩哨台,,230回声,1088线索,,独特家具
沙滩躺椅,,950回声,,难得休闲，摇摇晃晃，畅想时光（2023年“海岛夏日记”活动家具）,家具
沙滩小桌,,230回声,,来一片菠萝，来一个椰子（2023年“海岛夏日记”活动家具）,家具
沙滩小酌,,230回声,1088线索,,独特家具
沙滩椅,,230回声,,小巧的凳子（2023年“海岛夏日记”活动家具）,家具
沙滩长桌,,230回声,,在沙滩上野餐吧（2023年“海岛夏日记”活动家具）,家具
山水泛舟,,1888回声,,山水之间的渔夫日复一日地摆渡，渡过客，渡一生，渡世人。,稀世随身物品
善忘的海马体,,1388回声,,日暮时，雾尼掌心的夕阳随日记一页页变冷，记忆重归空白，顺行性遗忘症患者沉入海底。,奇珍时装
闪耀吊灯,,950回声,,,奇珍家具
蛇岛搭档,独特,60回声,,第五人格×贪吃蛇大作战联动专属时装,独特品质时装
蛇岛友人,独特,60回声,,第五人格×贪吃蛇大作战联动专属时装,独特品质时装
蛇蝎美人,奇珍,1388回声,4888碎片,就像是路德对拿奥米说的那样，你到哪里，我就到哪里。,奇珍品质时装
深暗衣柜,,950回声,4188线索,看到衣柜，不想打开看看，钻进去试试吗？（2023年万圣节家具）,家具
深海餐桌,,950回声,,烛光闪动，触手晃动，空荡的桌面等着你来填满,奇珍家具
深海祝祷,奇珍,1068回声,3888碎片,虎鲸的叫声指引着孤独的影子，祈祷他与灯塔的光重聚。,奇珍品质随身物品
深渊珍宝返场自选礼包,,576回声,,,礼包
圣诞壁灯,,230回声,1088线索,"小小的壁灯,总是让人回忆起最温馨的那个圣诞夜(2022圣诞节家具)",家具
圣诞壁炉,,230回声,1088线索,空气中弥漫着松枝燃烧的气息，朋友们围聚在精心装点的火炉前(2022圣诞节家具),家具
圣诞餐橱柜,,950回声,4188线索,琳琅满目的摆设，装点了安宁、快乐的圣诞夜（2022圣诞节家具）,家具
圣诞茶几,,230回声,1088线索,"被炉火烤得暖融融的室内,最适合一杯热饮或一些甜点(2022圣诞节家具)",家具
圣诞地毯,,230回声,1088线索,在寒冷的冬天使人感到温暖的陈设(2022圣诞节家具),家具
圣诞红桌,,230回声,,,独特家具
圣诞狂鹿,,1388回声,4888碎片,孩子们不要着急，我只是被卡住了，礼物马上就能送到!,奇珍时装
圣诞木马,,230回声,1088线索,被细致打磨的玩具木马，擦拭之后就会光亮如新(2022圣诞节家具),家具
圣诞沙发,,230回声,1088线索,柔软的沙发，坐在上面就会舒适得想打个盹(2022圣诞节家具),家具
圣诞沙龙,奇珍,1388回声,4888碎片,虽不是麋鹿，但这位沙龙的举办者，仍可以奉上梦寐以求的圣诞礼物。,奇珍品质时装
圣诞袜装饰,,230回声,1088线索,,家具
圣诞小树,,230回声,1088线索,把所有的星星和愿望装点其间，人们盼望着清晨的到来(2022圣诞节家具),家具
圣诞驯鹿,,950回声,4188线索,传说中，在圣诞前夜，驯鹿会拉着飞天雪橇载着老人，前往小朋友的家里留下礼物（2023年圣诞节家具）,家具
圣躯,独特,258回声,968碎片,这是受难者们最后的归宿，痛苦将磨砺他们的心智,独特品质随身物品
生日拉炮,奇珍,788回声,2988碎片,"不要问拉炮为谁而放,没一次是为我放的。",奇珍品质随身物品
盛夏飞盘,,2888回声,12888碎片,别在意身上的沙粒和海水，迈开脚步，冲刺——再折返！这才叫夏日好时光。,稀世时装
盛夏光影,,2888回声,12888碎片,相机将体温、脉搏排除在外，纵然能定格盛夏的光影、回忆，也终究是冰冷的。,稀世时装
升学礼,,1388回声,,奖章只是昭示他一路踏过的荆棘，而真正令他欣慰的，是当目光穿透台下——他仍能看见当年求知若渴的自己。,奇珍时装
盛宴,,950回声,4188线索,摩拳擦掌！跃跃欲试！只待……掀开锅盖！（2023年万圣节家具）,家具
盛宴伯爵,稀世,2888回声,12888碎片,伯爵幽居在古堡之中，本能的饥渴已经被空虚和孤独淹没。当所有人逐渐遗忘血族伯爵的名号时，来自古堡的盛宴邀约又掀起了新的风浪。,稀世品质时装
盛宴之杯,,3888碎片,1068回声,即使这次盛满的是红酒，他仍旧是伯爵高贵身份的象征。,奇珍随身物品
圣夜巫师,奇珍,1388回声,4888碎片,凛寒的圣夜里有人轻吟温暖的咒语，编织着梦境与现实交织的奇幻篇章。,奇珍品质时装
失败的杰作,奇珍,788回声,2988碎片,或许我需要一双更灵巧的手，才能赋予它一张完美的面孔。,奇珍品质随身物品
时光相机,,1068回声,,照片中的委托……,奇珍随身物品
时光照相馆之门,,950回声,,,家具
时光之窗,,950回声,4188线索,当你试图抓住一缕光阴时，它已经悄悄从指缝间溜走了。,家具
噬魂,,1888回声,8388碎片,每次挥舞，它都会带走一个灵魂,稀世随身物品
世界之树的祝福,,1068回声,3888碎片,赫瓦格密尔之泉曾经滋养着鲁诺大陆，半精灵带着这最后的纯净之水走访大陆，只为向世界之树寻求心中的答案。,奇珍随身物品
十里芬芳,奇珍,2888回声,12888碎片,梅花香自苦寒来，香囊的芬芳被寒风带向远方，昭示着她的归来,奇珍品质随身物品
逝去的纪念,,1068回声,3888碎片,昨日的智慧之水，依旧浇灌着今日肥沃的智慧之土。,奇珍随身物品
时序,奇珍,1068回声,3888碎片,仅有极少数人能逆转时间的指针，拨动那隐秘的命运之弦。,奇珍品质随身物品
誓言,,3888碎片,1068回声,我愿以自身判断力所及，遵守这一誓约,奇珍随身物品
时轴颤音,奇珍,1388回声,4888碎片,时间会为每一个不曾放弃的颤音，找到属于它的共振频率。,奇珍品质时装
时装 ACE,,1388回声,4888碎片,抢七局，这一次，你会成为胜利者么?,奇珍时装
时装 怪咖,,60回声,,在愚人的乐园里，天才总是格格不入。,商城限时时装
时装 火炮手,奇珍,1388回声,,比起在危机与黑夜中穿行，他更厌恶失去手臂后的颓废生活。好在，探雾任务提供了足够的赏金，也是证明勇者信条的最佳契机。,奇珍品质时装
时装 寄生,,1388回声,4888碎片,这些眼形宝石让他的皮肤看起来闪闪发亮……噢，它们真的在发光!,奇珍时装
时装 女大公,奇珍,1388回声,,作为雾之国唯一的权威，这里的每一枚齿轮都在她的“关怀”下有条不紊地转动。而对于她来说，这百年来的雾是最好的素材，以用来掩藏秘密，书写关于权力、财富、与谜的童话故事。,奇珍品质时装
时装 潘多拉,,318回声,1188碎片,无知之人，可笑的妄想，他不该企图挑战人性。,独特时装
时装 宿醉,,1388回声,,红酒浸染玫瑰宛如某种预兆。酒醒时分，谁会最先察觉灾厄将临?,奇珍时装
时装 忘川渡人,,2888回声,12888碎片,他是引渡灵魂前往彼岸的使者，遵循亘古不变的游戏规则。,稀世时装
时装 星辰,,2888回声,12888碎片,“无论欢愉还是苦痛，相守还是分离，你是否都愿意成为她的伴侣，保护她，陪伴她，分享新生和记忆。直至花朵衰败，星辰消逝。”,稀世时装
十字路口的美少年,奇珍,1388回声,4888碎片,在起雾的十字路口，你可曾遇见过他们？,奇珍品质时装
收藏品,,1388回声,,人们看向待放的花苞，有人看到它盛放的娇艳，有人看到它颓败的凄美。,奇珍时装
手斧,独特,258回声,968碎片,这是清除挡路灌木的好选择。,独特品质随身物品
守墓人 花束,,98回声,,花束动作，守墓人专属,独特个性动作
手术刀,独特,258回声,968碎片,更多的样本，才能支撑起更精准的结论。,独特品质随身物品
首席顾问,,2888回声,12888碎片,人们在十月的庆典上纵情欢笑与跳舞，却不知华丽的帷幕背后究竟藏着怎样的秘密——嘘，你听到它轻盈的步伐了吗？,稀世时装
手摇铃,奇珍,788回声,2988碎片,铃声清脆，摇响的是表演开场的欢愉。,奇珍品质随身物品
守夜人 祝福,,98回声,,祝福动作，守夜人专属，最佳演绎动作,个性动作
手杖伞,独特,258回声,968碎片,他的藏品件件设计精巧，尤其是这把漆黑的手杖伞，传说有位公主曾用它对抗过一个邪恶的画师,独特品质随身物品
手织围巾,独特,258回声,968碎片,不知谁人送来的花朵，在枯萎前被她小心翼翼织进自己的围巾中。,独特品质随身物品
束缚之心,,1068回声,3888碎片,舍弃了最珍贵之物，束缚住内心，她从未觉得不值，心之所向，无怨无悔。,奇珍随身物品
舒适躺椅,,950回声,,,家具
书中蝶,稀世,1888回声,8388碎片,是从未见过的品种！可千万别被他找到。,稀世品质随身物品
蜀中客,,1108回声,,当喜蜀客凌云日，恰逢锦城烂漫时。,奇珍时装
梳妆柜,,230回声,,,家具
双面盗贼,奇珍,1388回声,,攀上鼠窟的顶峰后，他终于瞥见了光明世界的一隅。为了到达梦想中的世界，他决定乔装打扮，踏入危机潜藏的浓雾。,奇珍品质时装
双一,奇珍,1388回声,4888碎片,实际的出生日期是5月3日，诅咒他人时却往往自己倒霉。,奇珍品质时装
水壶包,独特,258回声,968碎片,包中摇晃的清水，陪伴着他度过了最炎热的训练时光。,独特品质随身物品
水晶宫,稀世,1888回声,8388碎片,作为纪念品，这座水晶宫微缩模型寄托了许多回忆和憧憬。,稀世品质随身物品
水龙头,,258回声,968碎片,做完药物实验后一定要洗手。这是经验之谈。,独特随身物品
睡眠伙伴,独特,258回声,968碎片,在许多个夜晚，它陪伴着她一同入梦。,独特品质随身物品
水手哨,独特,258回声,968碎片,在舱里睡觉时，你绝对不想听到它的声音。,独特品质随身物品
睡毯披肩,独特,258回声,968碎片,整理好着装，进入猎场，不要嘲笑我的睡毯，它会在你长眠时派上用场。,独特品质随身物品
瞬逝红颜,独特,258回声,968碎片,它是最有生命感的材质，也是我最易朽坏的作品。,独特品质随身物品
四不像,奇珍,1388回声,,,奇珍品质时装
四季床,,1188回声,4188线索,春夏秋冬，不同时节躺在床上会有截然不同的感受，看来事务所主人对睡眠质量有较高的要求。,家具
斯嘉丽,奇珍,1388回声,4888碎片,一个文明是随风而飘的，终究会散，一个人的命运也会随风而逝。,奇珍品质时装
斯劳格,,1068回声,3888碎片,它灵活地穿梭于暗影之中，时而匍匐时而跳跃，默默寻觅萨温最忠实的信徒。,奇珍随身物品
饲料袋,独特,258回声,968碎片,小鸟意外的青睐，让它除了零钱，还额外装了些其他东西。,独特品质随身物品
撕裂熊,,488回声,1488碎片,咦……谁把你的玩具留在了庄园?,独特随从
司令,,318回声,,第二个问题，猎物的定义，是由猎人决定的么?,独特时装
死灵师,,2888回声,12888碎片,黑暗中的光亮不一定代表希望，那闪烁的绿火是萦绕的死亡。,稀世时装
斯文加利,奇珍,1388回声,4888碎片,他是个能看见皮囊之下真正美丽之处的绅士，但与之共舞并不是什么明智的选择。,奇珍品质时装
司药,稀世,2888回声,12888碎片,司掌百草繁霜鬓，幽居杏林倾丹心。,稀世品质时装
四叶符,奇珍,788回声,2988碎片,传说中遇到四叶草会带来好运，有了四叶符的幸运儿又会有怎样的际遇呢。,奇珍品质随身物品
丝质手套,独特,258回声,968碎片,次要用途是保护手指，主要用途是决斗前扔到对方脸上。,独特品质随身物品
松节油,,60回声,,画布之上，浸透最广的并非是黑白色彩。,商城限时时装
溯光,稀世,2888回声,12888碎片,星海无尽，每一颗星光下似乎都隐藏着许多遗忘的隐秘与过往。,稀世品质时装
宿伞之魂 发红包,,98回声,,发红包动作，宿伞之魂专属,个性动作
宿伞之魂 祝福,,98回声,,祝福动作，宿伞之魂专属，最佳演绎动作,个性动作
宿伞之魂 追忆,,288回声,,追忆动作，宿伞之魂专属,限时个性动作
随从 留声机,,388碎片,,发出的声音都会被收录下来，如果能带着它逃出去，这段录音应该会很珍贵。,罕见随从
碎镜,独特,258回声,968碎片,碎片中映出的，是真实还是幻觉?,独特品质随身物品
碎裂罗盘,独特,258回声,968碎片,斑驳的表面铭刻着它与拥有者共同经历的辉煌。,独特品质随身物品
随身物品 底牌,,788回声,,以狼之名，许我荣光！第五人格职业联赛2025夏季赛冠军成都Wolves战队专属随身物品。,奇珍随身物品
随身物品 里拉琴,独特,258回声,968碎片,将这飘向遥远星空的琴音献给你。,独特品质随身物品
随身物品 潘多拉,稀世,1888回声,8388碎片,神赐的天赋之下，掩盖着无尽的祸水。,稀世品质随身物品
随身物品 葡萄酒,稀世,1888回声,,中原中也的葡萄酒。,稀世品质随身物品
随身物品 天羽,奇珍,1068回声,3888碎片,不再踟蹰的心鼓动着，将柔软的羽毛化作足以刺破天际的光。,奇珍品质随身物品
随身物品 往日时光,奇珍,788回声,2988碎片,巴尔克在整理实验室时发现的水壶，里面竟长满了花草，让他忆起曾经的日子。,奇珍品质随身物品
随身物品 小提琴,独特,258回声,968碎片,右手虽有些不便，小提琴也在某次事故中有些许损坏，但不影响巴尔克享受音乐，熟能生巧确实很有道理。,独特品质随身物品
随身物品 遥控器,奇珍,1068回声,,电视机遥控器,奇珍品质随身物品
随身物品 约束,奇珍,788回声,2988碎片,都是为了你好。,奇珍品质随身物品
随身物品 长生,,1068回声,3888碎片,希望是种子，只有将其埋葬才能获得生机,奇珍随身物品
随身物品 昨日之笼,奇珍,1068回声,3888碎片,她时常还能听到那来自远方的啼鸣，一声又一声，呼唤她踏上归途。,奇珍品质随身物品
碎陶,独特,258回声,968碎片,残缺的陶片拼凑出另一个世界的影子，却也将真相永远封锁。,独特品质随身物品
碎星秋千,,2150回声,,在银河的照耀之下，与你一起荡起秋千（2025年“群星之下的启迪”活动系列家具）,稀世家具
随形砚,独特,258回声,968碎片,兴来洒素壁，挥毫如流星。,独特品质随身物品
唢呐纸人,,950回声,,,奇珍家具
塔楼之窗,,230回声,1088线索,仿若置身于古老的塔楼之中，回顾历史的光景。,家具
踏莎行,奇珍,1108回声,,金雨倾时，星火未息，盏盏燎原驱沮泞。,奇珍品质时装
台灯柜台,,230回声,,,家具
太极镜,独特,258回声,968碎片,事物的两面性总是容易被人忽略，或是被人夸大。,独特品质随身物品
太阳石,独特,258回声,968碎片,献花，落果，扫路，而众神至。,独特品质随身物品
太宰的爱书,稀世,1888回声,,太宰治的爱书。,稀世品质随身物品
太宰治,,2888回声,,武装侦探社成员-太宰治的服装。,稀世时装
糖果鬼,,1068回声,3888碎片,她想要很多糖果，现在如愿以偿了。,奇珍随身物品
陶瓷马桶,,950回声,,,家具
淘金客,奇珍,1388回声,4888碎片,这世上确实有比黄金更宝贵的东西，但它们往往也比黄金更难找到。,奇珍品质时装
桃乐丝,奇珍,1388回声,4888碎片,世上没有一个地方可以和家相提并论。,奇珍品质时装
陶梦嫣,,1178回声,,陶梦嫣前往浮路城南大剧院看戏的装扮。,奇珍时装
逃罪之人,稀世,2888回声,12888碎片,战争落败后，他意外闯入了这片乐土。然而从威涅达的美梦中惊醒后……他被她引燃了最后一颗火星，扣紧了最牢固的枷锁。,稀世品质时装
提炼师,奇珍,1388回声,,家族的禁锢就像透明玻璃罐上的标签，寥寥数语定性了她的香气和性质。于是她选择出逃……也许在迷雾之森中有更适合她的独特香气。,奇珍品质时装
天仓澪,,1388回声,,天仓澪的时装,奇珍时装
填海平,奇珍,1108回声,,迎骤雨，誓不归；衔微木，填沧海。,奇珍品质时装
天河,稀世,2888回声,12888碎片,我引导过迷失长夜的萤虫，也阻挡过扑向光焰的飞蛾，但最终，他们还是会走向属于他们自己的道路。,稀世品质时装
天空之外,,1068回声,3888碎片,终有一天，天空之外的世界，不会再只是凸透镜上的幻梦。,奇珍随身物品
天狼星,奇珍,1108回声,,以狼之名，许我荣光。,奇珍品质时装
天禄,奇珍,1388回声,,,奇珍品质时装
天气预报,独特,258回声,968碎片,今日天气：大雪明日天气：大雪下周天气：大雪。,独特品质随身物品
天使向导,,1388回声,,当他与阿斯莫断开连接，迷失的他沦为亡灵的猎物，他伺机待发直至新的主人出现。,奇珍时装
甜筒,奇珍,788回声,2988碎片,美味的甜筒甚至酝出了有形的香气。,奇珍品质随身物品
铁饼,独特,258回声,968碎片,这曾是他的最爱，直到他发现了更适合投掷的东西。,独特品质随身物品
铁轨信号灯,奇珍,788回声,2988碎片,他和他的伙伴都不怎么习惯在这条新路上奔跑。,奇珍品质随身物品
铁皮人,,318回声,,残破的铁皮人为了获得真挚的感情，选择用欺骗和伤害不断试探。,独特时装
听诊器,独特,258回声,968碎片,为了让孩子们对体检不那么害怕，医生带上了她可爱的听诊器,独特品质随身物品
Tiny Jack,,488回声,,Jack的礼物,独特随从
童话国,,2888回声,12888碎片,时间尘封了记忆中的王国，却无法掩埋深藏于内心的希望。,稀世时装
恸哭,,838回声,,漫漫归家路，是谁在恸哭<br>请与我们一同关注失踪儿童问题,奇珍时装
兔宝宝,独特,258回声,968碎片,可爱的兔宝宝玩偶给盲女带来安全感，她们互相保护着对方,独特品质随身物品
兔宝宝玩偶,独特,258回声,968碎片,每一个魔术师的基本功，就是从帽子里抓出一只兔子,独特品质随身物品
吐宝鼠,奇珍,1388回声,,,奇珍品质时装
兔脚,,60回声,,他让所有人相信，那些恰到好处的意外与过于巧合的结局确实只是兔子带来的一点点幸运。,商城限时时装
兔美的魔法棒,稀世,888回声,3188碎片,看着像玩具，却是货真价实的魔法棒。,稀世品质随身物品
陀螺,独特,258回声,968碎片,一起转起来！,独特品质随身物品
陀螺仪,独特,258回声,968碎片,拙劣的仿品，外行的制作。,独特品质随身物品
WAVE先生,,788回声,,Gotta ride this big wave!! 2024IJL秋季赛冠军AXIZ WAVE战队随从。,奇珍随从
蛙里奥,,1178回声,,蛙里奥的礼物。,奇珍时装
外卡尺,独特,258回声,968碎片,精密的测量，才能带来精密的结果！,独特品质随身物品
万花筒,奇珍,788回声,2988碎片,穆罗回归文明社会后收到的礼物之一，变换的花纹让他联想到自然之美，即使摔坏了，他也一直保留着。,奇珍品质随身物品
玩具商 收礼物,,98回声,,收礼物动作，玩具商专属,独特个性动作
完美人偶,,1888回声,8388碎片,成为“她”，还是毁了她。,稀世随身物品
玩偶屋,独特,60回声,,缤纷的玩具总能使她忘记游戏之外的现实，这份快乐太过轻盈，容不下任何沉重的记忆。,独特品质时装
玩偶仙人掌,独特,258回声,968碎片,牛仔随身携带的玩偶，是往日时光的纪念,独特品质随身物品
枉费之爱,奇珍,788回声,2988碎片,爱似骄阳，仰望时，它无私、温暖又灿烂，拥抱时，却只留给你苦痛的灼伤。,奇珍品质随身物品
往昔,,1388回声,4888碎片,往者不可谏,奇珍时装
喂虫钳,独特,258回声,968碎片,喂它们的时候最好离远一点。,独特品质随身物品
危机的刻度,独特,258回声,968碎片,让我来丈量一下，你与死亡的距离。,独特品质随身物品
未送出的花,稀世,1888回声,8388碎片,每一个机器人都有一个成为人的愿望，而这未送出的花是邦邦破灭的梦想。,稀世品质随身物品
维特,奇珍,1388回声,4888碎片,能使人幸福的东西，同时又可以变成他痛苦的根源，难道就非得如此吗？,奇珍品质时装
微型护卫,奇珍,788回声,2988碎片,小巧、精美、且足够致命。人们往往只看到前两处优点，而她从未忽略这件“饰品”最大的魅力。,奇珍品质随身物品
闻雷爪,稀世,2888回声,12888碎片,鸿爪游踪寻千度，昂首时揖献昌福。,稀世品质时装
Wolves·2021秋,,888回声,,以狼之名，许我荣光！2021IVL秋季赛冠军Wolves战队随从。,奇珍随从
Wolves·2021夏,,888回声,,以狼之名，许我荣光！2021IVL夏季赛冠军Wolves战队随从。,奇珍随从
巫毒匕首,奇珍,788回声,2988碎片,本身已经足够致命，浸毒只是习惯使然。,奇珍品质随身物品
乌骨,稀世,2888回声,12888碎片,每逡巡，堆砌乌合骨。,稀世品质时装
舞会彩球,奇珍,788回声,2988碎片,多亏了这个宝贝彩球，才能撑起孤儿院里那寒酸的舞会。,奇珍品质随身物品
无尽森林,稀世,1888回声,8388碎片,他一直奔跑，却始终无法逃离这片森林。,稀世品质随身物品
乌撒来客,稀世,2888回声,12888碎片,那个月夜后，乌撒下达了一条保护猫的法令。,稀世品质时装
舞狮,,2888回声,12888碎片,他偶然收获了这份来自东方大国的礼物。佳节欢庆之际，它为孤儿院里带来了久违的欢声笑语。,稀世时装
无限,,1888回声,,每一段微小经历的叠加，都是对未来无限可能的算法进化。,稀世随身物品
五周年蛋糕,,950回声,4188线索,蛋糕是用来吃的(2023年周年庆活动期间家具),家具
五周年礼花,,950回声,4188线索,一起来庆祝吧！(2023年周年庆活动期间家具),家具
西尔菲德,,2888回声,12888碎片,林间的轻风、湖面的水波、还有呢喃在花朵间的爱的誓言——请你用它们编织成轻纱，覆在我即将消殒的双翼上。,稀世时装
洗手池（221B）,,230回声,,,家具
西洋镜,奇珍,788回声,2988碎片,依旧完好，但已经无人愿意再使用它了。,奇珍品质随身物品
夏,稀世,1888回声,8388碎片,湖底没有季节。,稀世品质随身物品
匣中风云,奇珍,788回声,2988碎片,晴天雨天，有演出就是好天。,奇珍品质随身物品
仙鹤,,1388回声,4888碎片,低头乍恐丹砂落，晒翅常疑白雪消。,奇珍时装
弦音畸变,奇珍,1388回声,4888碎片,奏响真实与虚幻的和弦。,奇珍品质时装
先知猫头鹰,,888回声,3188碎片,在童话故事里，猫头鹰总是先知和智者的象征。,奇珍随从
乡村牧师,奇珍,1388回声,4888碎片,没有什么关系，一切都是慈悲的。,奇珍品质时装
香氛,,318回声,,闭上眼，闻到了么?爱的缱绻、恨的绵长、欲望的热烈、死亡的芬芳。,独特时装
橡树树枝,独特,258回声,968碎片,自然脱落的树枝，它往往被视为一种自然的馈赠。,独特品质随身物品
肖驰,,1178回声,,肖驰回到奘铃村时的装扮。,奇珍时装
小丑盒,独特,258回声,968碎片,不知道是哪个淘气鬼制作的小丑盒，轻微的扰动就能让小丑玩偶摇动不停,独特品质随身物品
小丑皇,稀世,2888回声,12888碎片,只凭精彩的笑话就能掌控全场？登上顶峰真正靠的是实力！,稀世品质时装
消防员,独特,288回声,1088碎片,从来没见过那么横冲直撞……哦，抱歉……来去如风的消防员,独特品质时装
小号,独特,258回声,968碎片,我不太喜欢在闲暇时客串小号手。,独特品质随身物品
小红帽,稀世,2888回声,12888碎片,这是一个危险的世界，戴着红色帽子的女孩应该多加小心,稀世品质时装
小花,,488回声,1488碎片,小花是一朵漂亮的小花，至少它自己是这样想的。,独特随从
小火炉,独特,258回声,968碎片,勘探员在某次勘探作业中找到的古代遗物，散发着一股奇怪的气息,独特品质随身物品
小机灵,,318回声,,如果时间可以像齿轮一样逆转，那么离开的人，是不是就能再回来?,独特时装
小六,,1388回声,,小六的时装。,奇珍时装
小明星,奇珍,1388回声,4888碎片,比起精致的甜点、闪亮的礼服、健康的菠菜，我更想要一句不会迟到的“晚安”。,奇珍品质时装
小提琴家 回响,,288回声,,回响动作,个性动作
小提琴家 月光,,1068回声,3888碎片,高悬的皎月可曾记得，那些关于忠诚的誓约和抉择。,随身物品
枭徒,稀世,2888回声,12888碎片,竞求索，不餍枭狼相。,稀世品质时装
小型鱼缸,,230回声,,,家具
小型展示柜,,230回声,,,家具
小型置物架,,230回声,,,家具
小玉,奇珍,1388回声,,“我是玉兔，大家都叫我小玉啦！”,奇珍品质时装
邪火宝箱,稀世,1888回声,8388碎片,喷火的宝箱？让我看看里面有什么好东西！,稀世品质随身物品
邪火令,,3888碎片,1068回声,来自太古时代的法器，早已被时间遗忘，当它重新出现之日，即是灾难降临之时!,奇珍随身物品
谢勒绿,奇珍,788回声,2988碎片,我知道它有毒，但它确实能带来更好的绿色。,奇珍品质随身物品
协律,奇珍,1068回声,3888碎片,醒来吧，我的“奥菲欧”。,奇珍品质随身物品
邪念,,318回声,1188碎片,潘多拉的魔盒被打开后所释放的邪念，是对世间极度失望后的冷漠与暴力。,独特时装
斜躺沙发,,230回声,,,家具
新春祈愿架,,230回声,,春节快乐！在这里留下自己的愿望吧！（2024年春节家具）,独特家具
心海之梦,奇珍,788回声,2988碎片,若我们共享一片意识的深海，那是否能在梦中与你重逢？,奇珍品质随身物品
信号哨,独特,258回声,968碎片,嘹亮的声音提醒着每一个听到的人，他们究竟身负怎样的责任。,独特品质随身物品
辛美尔,,2888回声,,辛美尔的时装。,稀世时装
心形泡泡圈,奇珍,788回声,2988碎片,海伦娜的心爱之物，虽然不能眼见五彩斑斓的泡泡，但四周的香气和泡泡破裂的轻响，也给她带来了快乐。,奇珍品质随身物品
幸福之地,,1068回声,3888碎片,黄昏的树边有一个吹笛之人，她会引领我们前行，然后又是全新的一天。,奇珍随身物品
星光吊灯,,2150回声,,挂在家里的繁星，今天也在向你微笑（2025年“群星之下的启迪”活动系列家具）,稀世家具
星见,,1068回声,3888碎片,命运是你早已预知却无法避免的未来,随身物品
星空球,,1068回声,3888碎片,水晶球上残留着的那丝温度，驱散了漫漫长夜的孤寂和冰冷。,奇珍随身物品
星空预言者,独特,288回声,1088碎片,浩瀚的星空与无边的未来噢~瓦尔莱塔以卑微的残躯向你们祈祷，能否回应我渺小的期盼?,独特品质时装
星空枕头,独特,258回声,968碎片,放下枕头，轻轻敲一敲，酣然入睡，梦境里会出现那璀璨的星空。,独特品质随身物品
星空之翼,,2888回声,12888碎片,大地是生命的根系，天空是灵魂的归属。,稀世时装
醒梦铃,奇珍,788回声,2988碎片,每一声铃响都在提醒，那虚幻的美好注定难以长存。,奇珍品质随身物品
星盘,独特,158回声,968碎片,诸位的命运，群星早有预兆，通过星盘的演算，都由我来定夺。,独特品质随身物品
星石,独特,158回声,968碎片,卡尔曾经听说星石是逝去的星星化成的，虽然很难相信是真的，但他仍然格外喜欢这种寓意。,独特品质随身物品
星图,奇珍,788回声,2988碎片,“我真不应该去帮他偷取这份星图，超越掌控的知识绝对无法带来创造与新生，却往往伴随着毁灭与死亡。”,奇珍品质随身物品
星相师,稀世,2888回声,12888碎片,他的命运在浩瀚的星图里缓缓展开，最终陨落成一抹火色的残光。,稀世品质时装
星象仪,奇珍,788回声,2988碎片,那些深埋地下的宝石，就像未曾闪耀的亿万星辰。,奇珍品质随身物品
星星糖,奇珍,788回声,2988碎片,一起来享受这甜美的爆炸吧！,奇珍品质随身物品
星钥,奇珍,788回声,2988碎片,钥匙解除了桎梏，带来樊笼之外的崭新世界。,奇珍品质随身物品
星夜翱翔,,3888碎片,1068回声,那划破黑暗的光翼或许稚嫩，或许脆弱。但翱翔星夜的雏鹰，从不怯懦。,奇珍随身物品
幸运儿 月亮脸,独特,288回声,1088碎片,在衣服上多印一个标记就能带来好运?,独特品质时装
幸运转盘,独特,258回声,968碎片,相信运气也是一种实力的人－－说真的，他的实力也太宽泛了,独特品质随身物品
熊猫保育员,,838回声,,和我一起关注来自森林的朋友们。,奇珍时装
熊猫摇篮,,950回声,,"轻轻摇晃,小心呵护,这是熊猫宝宝们的摇篮。(熊猫系列家具)",家具
序幕,,1188碎片,318回声,在罪恶的玫瑰尚未布满阿瓦隆的土地时，他是幕后的静观者，尚未决定自身的“位置”。,独特时装
叙事卡片,,258回声,968碎片,万千可能性在指尖坍缩成唯一。,独特随身物品
许愿瓶,奇珍,788回声,2988碎片,有一天，他终于发现，所有的愿望都是梦境中的气泡，会在太阳升起那一刻，支离破碎。,奇珍品质随身物品
雪地地毯,,950回声,4188线索,走过洁白的雪地地毯，鞋子会沾上圣诞的雪花吗？（2023年圣诞节家具）,家具
雪景长窗,,950回声,,,奇珍家具
雪莲,稀世,1888回声,8388碎片,传说是雪国圣地才能生长的花，被作为礼物送给舞女后，虽离开雪国，竟也还奇迹般的绽放着。,稀世品质随身物品
雪橇装饰,,230回声,,,独特家具
雪人摆件,,230回声,1088线索,永远不会融化的雪人，孩子们的好朋友(2022圣诞节家具),家具
雪人壁灯,,230回声,,,独特家具
雪绒花,独特,258回声,968碎片,谁来为红蝶戴上这一片雪国的饰品,独特品质随身物品
雪上小王子,,1388回声,,冬至南迁需途经一个小男孩的滑雪场，他总用奇怪的方式试图将人们留下。但即便是在人群里，他也是寂寞的。,奇珍时装
血压计,独特,258回声,968碎片,生命的存续难道只是仪器上显示的数据吗？,独特品质随身物品
雪夜织愿,奇珍,1388回声,4888碎片,纤细晶莹的蛛丝，编织出了今年冬夜最温暖的祝愿。,奇珍品质时装
雪镇小景,,230回声,1088线索,雪景下的小镇一角（2023年圣诞节家具）,家具
寻宝贵族,,2888回声,12888碎片,沙漠，墓穴，法老，这真是激动人心的冒险，能发现些值钱的东西就更好了,稀世时装
训导,,288回声,1088碎片,制定规则，施行惩罚，行动有时是最佳的沟通方式。,独特时装
迅捷如风,奇珍,788回声,2988碎片,萨克斯风的吹奏诀窍在于呼吸，调整好自己的呼吸，从容上场吧。,奇珍品质随身物品
驯鹿树景,,230回声,1088线索,圣诞前夜，忙碌的老人与他的伙伴（2023年圣诞节家具）,家具
寻星者,奇珍,1388回声,4888碎片,风雪模糊了天空与大地间的界限，但星光永远高悬，为迷途的旅人指出前行的路。,奇珍品质时装
亚兹拉尔,,2888回声,12888碎片,他从天而降，带来这个季节的第一片落叶,时装
厌离,稀世,1888回声,8388碎片,未若今别不相逢，诳言春雨濡袖湿,稀世品质随身物品
赝品圣杯,独特,258回声,968碎片,在寻找圣杯的旅途中，队伍发现了许多仿制品，圣杯侍女对其中一个珍爱有加,独特品质随身物品
眼球草,独特,288回声,1088碎片,形状像眼球的奇怪植物．据说上面附着武士的怨灵,独特品质随身物品
鼹鼠先生,,1388回声,,这种生物拥有绝佳的嗅觉，能闻到很多东西，比如黄金与珠宝,奇珍时装
瑶彩,稀世,2888回声,12888碎片,渌水潺潺淘釉彩，微风习习拂瑶钗。,稀世品质时装
摇酒壶,独特,258回声,968碎片,在轻盈的摆动间，我们调制出遗忘的甘露。,独特品质随身物品
摇头鬼,,1068回声,3888碎片,他对什么都说不，即使到现在也在摇头。,奇珍随身物品
夜潮,,2888回声,12888碎片,常听潮的老者说，岁末归潮时，游子当归巢。,稀世时装
夜间漫游,独特,318回声,1188碎片,“……一只猫，两只……猫，三……只猫，呼呼……”,独特品质时装
夜来香,,2888回声,12888碎片,他所选择的花名叫夜来香，如它的花语，最后一缕阳光从贝尔斯泰因的土地上溜走之时，正是夜来香开花之际。,稀世时装
椰香假日,,2888回声,12888碎片,椰汁，花香，海浪……尽享海岛上的美妙夏日。,稀世时装
夜星,,1068回声,3888碎片,离开你，刹那已成永恒。,奇珍随身物品
夜莺小姐,,288回声,888碎片,夜莺小姐…是存在于幻象大厅的你吗？,独特随从
夜之商籁,稀世,2888回声,12888碎片,清醒的灵魂，亲历何种混沌<br>我的生命生出苍白的相<br>呼吸成为一种浪费<br>连影子在深夜都变得颓废<br>我的此在，唯有梦才能激起<br>所有梦境都充满危险<br>只有你，是我清醒时的惊喜,稀世品质时装
伊布,,1178回声,,在美术展迷失的少女。（2025年Ib联动限定获得）,奇珍时装
一步之遥,,1068回声,3888碎片,物理的距离对这把法杖毫无意义，无论多么远，对于持有者来说都只是一步之遥。,奇珍随身物品
医生 采药,,98回声,,采药动作，医生专属,个性动作
医生 花束,,98回声,,花束动作，医生专属,独特个性动作
医生 记录,,158回声,,医生匹配大厅动作，记录,独特等待动作
艺术家雪人,,230回声,1088线索,模仿画家的雪人，看看有什么不同之处？（2023年圣诞节家具）,家具
易碎的回忆,独特,258回声,968碎片,回忆逐渐变形，从而想不起原先的样子。,独特品质随身物品
遗蜕,独特,258回声,968碎片,这是那些小小生灵留在世界上的最后模样。,独特品质随身物品
遗忘之人,独特,318回声,1188碎片,你在寻觅什么，过去还是未来？,独特品质时装
遗物断剑,独特,258回声,968碎片,随着冒险的深入，队伍发现了许多宝物，宝剑侍从收集到的就是这柄遗失已久的圣剑，可惜已经被折断了,独特品质随身物品
异想Hello Kitty,奇珍,1388回声,,第五人格 × 三丽鸥大明星 联动时装,奇珍品质时装
义肢,,318回声,1188碎片,他逗人发笑时越发感受到自己无法忍受的孤独。,独特时装
一支鸢尾（白）,,230回声,1088线索,白色鸢尾，瓶中绽放（2023“荒野拾梦”活动家具）,独特家具
一支鸢尾（黑）,,230回声,1088线索,于黑夜中努力向阳（2023“荒野拾梦”活动家具）,独特家具
一支鸢尾（紫）,,230回声,1088线索,默默绽放着的鸢尾插花，是美好的愿望，也是无处吐露的心声（2023“荒野拾梦”活动家具）,独特家具
音核裂响,奇珍,1388回声,4888碎片,挫败时的那些轻声鼓舞，终有一天将汇成胜利时的震耳音浪。,奇珍品质时装
印记鳞片,独特,258回声,968碎片,从上古地层中发掘出的巨型鳞片，其上印记刻下之时，人类本该还未发明语言。,独特品质随身物品
引路人,,2888回声,12888碎片,向门之主祈祷吧，也许他会降下使者为你开辟一条生的道路,稀世时装
隐形人,奇珍,1388回声,4888碎片,无形的阴影里，你是否感受到他隐秘的呼吸？那是近在咫尺却触不可及的空白。,奇珍品质时装
银质刀叉,,258回声,968碎片,"与母亲共同进餐的时光,再也回不去了。",独特随身物品
银质梳子,独特,258回声,968碎片,被细心保存的银质梳子，找不到一丝一毫的瑕疵,独特品质随身物品
应许之日,,1388回声,,“你会获得你想要的，十字架为此作证。”,奇珍时装
鹰羽,奇珍,788回声,2988碎片,闪转腾挪的律动如这支羽毛一样轻盈!,奇珍品质随身物品
萤之羽,,1888回声,8388碎片,翅膀微动，泛起心上一丝涟漪。,稀世随身物品
佣兵 祝福,,98回声,,祝福动作，佣兵专属，最佳演绎动作,个性动作
佣兵小熊猫,,888回声,3188碎片,喜欢竹笋和水果的捕猎能手，看上去像一位熟悉的朋友。,奇珍随从
涌动,,1888回声,,不甘平凡是挑战者宝贵的天赋，勇往直前也是。,稀世随身物品
永恒之沙,奇珍,788回声,2988碎片,沙滩上的城堡可以永恒吗？,奇珍品质随身物品
勇者之剑,,1888回声,,辛美尔的勇者之剑。,稀世随身物品
邮差 回响,,288回声,,回响动作,个性动作
诱虫剂,独特,258回声,968碎片,能释放越多费洛蒙的蜂后，就能让越多的子嗣听从自己的指挥。,独特品质随身物品
幽灵船舵,,950回声,4188线索,船舵转动，呼唤来自深海的传说（2024年“俄刻阿诺斯的航迹”活动期间家具）,家具
幽灵帆,稀世,2888回声,12888碎片,海是旧日的残梦，那些故人与理想沉没于不息的浪潮中，又在新的传说里被再度唤起。,稀世品质时装
幽灵公主,,2888回声,12888碎片,冷夜高墙下，她幻想自己褪去了苦痛的躯壳，在月光中自由穿行——度日如年的病院里，那个曾被父亲像小公主一样宠着的幸福女孩儿现在何处？,稀世时装
幽灵提灯,,1068回声,3888碎片,小家伙们的陪伴，让女孩儿想起了父亲的呵护。,奇珍随身物品
幽灵娃娃,奇珍,788回声,2988碎片,罗比做了一个幽灵娃娃来陪伴他度过孤独的时光，罗比对它爱护备至。而若有人敢欺负罗比，幽灵娃娃的复仇也绝不迟到。,奇珍品质随身物品
诱人的宝箱,独特,258回声,968碎片,装满价值连城财宝的宝箱，如果是对于小人国的居民来说的话。,独特品质随身物品
御狐神乐,奇珍,788回声,2988碎片,“夏闻狐鸣，身有不吉”,奇珍品质随身物品
浴火绯花,,2888回声,12888碎片,耗尽生命之光，寻求救赎<br>点燃灰烬之息，浴火重生,稀世时装
鱼龙舞,奇珍,848回声,,“蛾儿雪柳黄金缕，笑语盈盈暗香去。众里寻他千百度，蓦然回首，那人却在，灯火阑珊处。”,奇珍品质随身物品
渔女 花束,,98回声,,花束动作，渔女专属,独特个性动作
渔女 笙歌,,98回声,,笙歌动作，渔女专属,个性动作
渔女 致意,,98回声,,致意动作，渔女专属，最佳演绎动作,个性动作
浴石商人,,1388回声,,她只需要这么小小的一颗浴石，从音乐精神中诞生的悲剧将会变成快乐的科学。,奇珍时装
玉兔祈福图,,230回声,,财到运到福兔到!(2023年春节家具),家具
余兴,奇珍,1068回声,3888碎片,酒宴过后，便是兑现约定的时候了。,奇珍品质随身物品
雨中曲,奇珍,1388回声,4888碎片,致敬那银幕的经典——在细雨中欢唱！在无声中欢歌~,奇珍品质时装
园丁 回响,,288回声,,回响动作,个性动作
园丁 祝福,,98回声,,祝福动作，园丁专属，最佳演绎动作,个性动作
园丁布偶,稀世,1888回声,8388碎片,为思念自己的女儿而制作的布偶，它甚至取代了厂长最钟爱的傀儡。,稀世品质随身物品
远古琥珀,独特,258回声,968碎片,勘探员在勘探工作中找到的远古琥珀，被琥珀包裹的蝴蝶还犹如活着一般,独特品质随身物品
远古之声,独特,258回声,968碎片,风铃随风而动，发出简单清脆的声响，这声音穿越时空，震慑着听者的心神。,独特品质随身物品
元日擂鼓,,950回声,,桃符换新日，擂鼓闹春时。（2024年春节家具）,奇珍家具
原石,独特,318回声,1188碎片,勇气是最有力的的尖锤，能凿开最坚硬的岩层，看到后面耀眼的“星光”。,独特品质时装
圆形花纹地毯,,230回声,,,家具
园艺手册,独特,258回声,968碎片,园丁将自己的手艺心得都写进了书里，除此之外还藏着许多她自己的秘密。,独特品质随身物品
月饼礼盒,奇珍,1068回声,,小玉的月饼礼盒。,奇珍品质随身物品
月光沙漏,奇珍,788回声,2988碎片,这些记录过时光的细沙从裂隙中散落时，也如时光般悄然无声。,奇珍品质随身物品
悦乐酷洛米,奇珍,1388回声,,第五人格 × 三丽鸥大明星 联动时装,奇珍品质时装
跃升的强音,,1888回声,,攀升的强音，将在新的乐章奏响。,稀世随身物品
月下绅士,,1388回声,,梦境中的月光温柔缱绻，却无人试图与他共舞,奇珍时装
运筹,,1388回声,,整个世界就是个堆满了宏伟构想的废料场，而我是极少数掌握点石成金术的人。,奇珍时装
筠心,稀世,2888回声,12888碎片,,稀世品质时装
ZQ·2020秋,,788回声,,奋挥皓羽，振彼八荒! 2020IVL秋季赛冠军ZQ战队随从。,奇珍随从
ZQ·2020夏,,888回声,,奋挥皓羽，振彼八荒! 2020IVL夏季赛冠军ZQ战队随从。,奇珍随从
杂技演员 捣蛋鬼,,98回声,,捣蛋鬼动作，杂技演员专属,个性动作
杂技演员 发球,,288回声,,ACE!GAME!,个性动作
杂技演员 闹龙,,98回声,,闹龙动作，杂技演员专属,个性动作
杂技演员 收礼物,,98回声,,收礼物动作，杂技演员专属,独特个性动作
再造者,奇珍,1388回声,,在兔子女士的帮助下，那些悲伤的抽泣永远被封锁在了金属躯壳里。现在终于有人爱她、赞扬她了，还轻声细语地称呼她为“杰作”。,奇珍品质时装
炸药桶,奇珍,788回声,2988碎片,一个塞满火药的炸药桶。,奇珍品质随身物品
长柄雨伞,独特,258回声,968碎片,它能挡住飞溅的液体，让大衣保持洁净。无论那些“雨水”冰冷还是温热。,独特品质随身物品
长条地毯1,,230回声,,,家具
长条地毯2,,230回声,,,家具
长条置物桌,,230回声,,,家具
长腿小姐,,1388回声,,她是位淑女，可千万别盯着那些“裙下风光”看太久,奇珍时装
长夏永不凋落,稀世,2888回声,12888碎片,没有芳艳不终于凋残或销毁<br>但是你的长夏永远不会凋落<br>也不会损失你这皎洁的红芳<br>或死神夸口你在它影里漂泊<br>当你在不朽的诗里与时同长<br>只要世间还有人呼吸，有眼能看见<br>这诗便将长存，赋予你生命无限,稀世品质时装
长夜,,2888回声,12888碎片,“无论快乐还是悲伤，存在还是死亡，你是否都愿意成为他的伴侣，抚慰他，教导他，刻入漫长的生命。直至长夜将尽，黎明到来。”,稀世时装
招风旗,稀世,2888回声,12888碎片,旌旗半卷破旧式，箫曲悠扬唤吉时。,稀世品质时装
照片钱包,独特,258回声,968碎片,这个钱包里没有钱，只有一张照片。,独特品质随身物品
折柳,,1888回声,8388碎片,飞鸟绕溪畔，甘霖落柳鬟。,稀世随身物品
谪仙,稀世,2888回声,12888碎片,谪落凡尘心未改，天马行空义自来。,稀世品质时装
珍珠,独特,258回声,968碎片,人类为了有价值的东西很容易就会互相伤害，哪怕这样东西本身毫无用处。,独特品质随身物品
征服,,2888回声,12888碎片,沉沦在机械技术的魅力里，他贪婪这一份机械给他带来的强大，也在重塑自己躯体的痛苦和掌握机械力量的快感中沉溺。,稀世时装
蒸馏器,,258回声,968碎片,不，纯度不够，还要……更高!,独特随身物品
蒸汽炉,,3888碎片,1068回声,最后的余热，迸发出最后一往无前的能量。,奇珍随身物品
蒸汽朋克,,1388回声,4888碎片,若不是被一个玩弹簧的家伙意外打断，铁帽团怪客与冒险团叛徒的会面绝不会提前走漏了风声。,时装
正义的砝码,奇珍,1388回声,,在梦想的天平上，正义并不永远比欲望更重。,奇珍品质时装
咫尺天涯,,1388回声,4888碎片,踏在幸福之上。,奇珍时装
咫尺微光,,828回声,,给予孤独症人士更多的理解与关爱，做“百分之一的星球”的守护者。,奇珍时装
纸船,独特,258回声,968碎片,寄托在纸船上的愿望，最后与星光一同沉入幽深的湖底。,独特品质随身物品
指定席,,950回声,,被指定的，也包括命运。（2025年Ib联动限定获得）,奇珍家具
纸飞机,独特,258回声,968碎片,哪怕能像纸飞机一样在空中短暂飘行，也好过在地表上终日仰望,独特品质随身物品
指挥,奇珍,788回声,2988碎片,命运啊，我命你回转！,奇珍品质随身物品
纸媒婆,,288回声,,,独特家具
植梦人,独特,318回声,1188碎片,最初，她以精神分析师的身份示人，笔挺的工作服总是洁白干净，最重要的是，没有一个人记得她的脸。,独特品质时装
致命的邀请函,稀世,1888回声,8388碎片,要小心那盛情难却的邀请，危机四伏的晚宴、步步都是陷阱，咔嚓咔嚓，转瞬之间，你也许就会成为他的藏品。,稀世品质随身物品
纸牌塔,独特,258回声,968碎片,构建它需要长久的谨慎和努力，摧毁它只需要一瞬间的妄为。,独特品质随身物品
至识之眼,稀世,1888回声,8388碎片,驱动你的，是对知识的渴求还是对无知的恐惧？不过，现在这都不重要了。,稀世品质随身物品
致万千无言者,稀世,2888回声,12888碎片,当你看见万千无言的亡魂<br>苍白成列，穿过你的梦境<br>莫效仿他人温言相慰，声称<br>永志不忘<br>——他们无需此般虚文<br>莫献颂辞！<br>荣光何用？赴死何等轻易<br>无人再是你旧识模样<br>死神已永据所有的阵亡,稀世品质时装
止咬面具,,258回声,968碎片,有了催眠疗法和我，他不再那么危险了。,独特随身物品
纸翼小姐,奇珍,1388回声,,打满补丁的人造天空曾是她儿时的所有梦想。长大后，她厌倦了虚假的童话，向往着浓雾之外的真正蓝天。因此她也听信了那位“大人物”的话，以走进浓雾为代价，换取一双可以翱翔的双翼。,奇珍品质时装
指引者,独特,318回声,1188碎片,她的歌声从地下传来，引导着旅人到来，以指引为诱饵，为祭奠征集献祭者。,独特品质时装
纸扎祠堂,,1888回声,,用纸扎制的祠堂。,稀世随身物品
蜘蛛 回响,,288回声,,回响动作,个性动作
中岛敦,,2888回声,,武装侦探社成员-中岛敦的服装。,稀世时装
钟阁杼思,,2888回声,,钟阁内的机杼声骤然停止，织女终于下定决心——走出去，走向舞台，走向自由，走向光明。,稀世时装
重构,,1888回声,,那些曾经共同经历的成功与失败、挫折与坚持，都会成为托举起各自未来的基石。,稀世随身物品
中原中也,,2888回声,,港口黑手党成员-中原中也的服装。,稀世时装
周年蜡烛-0,,230回声,1088线索,数字0形状的蜡烛（2024年“俄刻阿诺斯的航迹”活动期间家具）,家具
周年蜡烛-1,,230回声,1088线索,数字1形状的蜡烛(2023年周年庆活动期间家具),家具
周年蜡烛-2,,230回声,1088线索,数字2形状的蜡烛(2023年周年庆活动期间家具),家具
周年蜡烛-3,,230回声,1088线索,数字3形状的蜡烛(2023年周年庆活动期间家具),家具
周年蜡烛-4,,230回声,1088线索,数字4形状的蜡烛(2023年周年庆活动期间家具),家具
周年蜡烛-5,,230回声,1088线索,数字5形状的蜡烛(2023年周年庆活动期间家具),家具
周年蜡烛-6,,230回声,1088线索,数字6形状的蜡烛（2024年“俄刻阿诺斯的航迹”活动期间家具）,家具
周年蜡烛-7,,230回声,,数字7形状的蜡烛（2025年“群星之下的启迪”活动系列家具）,独特家具
周年庆礼物堆,,288回声,1088线索,庆典当然少不了礼物的装饰,独特家具
周年庆气球,,288回声,1088线索,庆典当然少不了礼物的装饰,独特家具
咒术师 回响,,288回声,,回响动作,个性动作
咒术师 祝福,,98回声,,祝福动作，咒术师专属，最佳演绎动作,个性动作
逐风蜗,,2888回声,12888碎片,小小蜗牛壳儿亮，取名要当逐风王。森林动物捂嘴笑，不如改叫大话王。“流星”落山崖，拖尾闪青光，蜗牛吃掉那流星，背上背包研究忙。"咻"地一声乘风起，大家鼓掌齐欢唱。,稀世时装
竹华,稀世,2888回声,12888碎片,竹影，风华。,稀世品质时装
逐浪的玫瑰,,1388回声,,盛放之时，她已知晓凋零的宿命，但至少在腐烂之前，她看过更远的风景。,奇珍时装
朱丽叶,奇珍,1388回声,4888碎片,任其改名，其香如故。,奇珍品质时装
竹林挂画,,230回声,1088线索,,独特家具
竹龙玉,,1888回声,8388碎片,竹林虚影藏龙迹，龙吟千里展威仪。,稀世随身物品
竹笙,,950回声,4188线索,,奇珍家具
逐香尘,奇珍,3888碎片,1068回声,暗馥留微火，心事共成灰,奇珍品质随身物品
竹荫守护者,,838回声,,关注熊猫健康，守护竹林中的小可爱们茁壮成长！（熊猫系列时装）,奇珍时装
转化,独特,258回声,968碎片,在祂眼中，人与植物并无不同。,独特品质随身物品
转位,,1888回声,,终有一天，会有人与你一起，将昨日的杂音调转为明日的凯歌。,稀世随身物品
转相仪,奇珍,788回声,2988碎片,这个古怪的设备能生成一股奇异的能量，被击中的人会产生不稳定的相位变化,奇珍品质随身物品
庄园之声,,1000线索,,,户型
追星海报,,230回声,,一组生动展现明星受欢迎程度的装饰。,家具
自选礼包 回响,,288回声,,,礼包
子夜来使,,1068回声,3888碎片,于子夜时分穿梭过空间罅隙传递信息的死神的使者，不过对菲尼克斯而言，它更像是监视者。,奇珍随身物品
自由之爱,稀世,2888回声,12888碎片,烈焰灼伤了玫瑰的美丽，却让它绽放出了久违的自由。,稀世品质时装
自由之钥,,1888回声,,冒险者转动钟表的发条，宣告这场名为自由的拯救。,稀世随身物品
自制沙包,独特,258回声,968碎片,补丁上凝结了曾经的汗水与决心，可惜有些事终将化作叹息。,独特品质随身物品
祖传怀表,独特,258回声,968碎片,作为一个律师，怀表是对时间所持态度的象征,独特品质随身物品
组合扳手,独特,258回声,968碎片,这里敲敲，那里打打，没什么修不好的！,独特品质随身物品
诅咒黑云,稀世,1888回声,8388碎片,帕缇夏在旅途中收集到的神秘物品．普通人看到的是一个平凡的水晶球，只有被诅咒者才能看到里面翻涌的黑暗。,稀世品质随身物品
诅咒图腾,独特,258回声,968碎片,虽然是充满危险的图腾，但在合适的人手中也能行善举,独特品质随身物品
诅咒娃娃,独特,288回声,1088碎片,使用它进行恶作剧前最好谨慎考虑，也许会遇到出乎意料的事精哦?,独特品质随身物品
祖祖,,1388回声,4888碎片,命运的帷幕后，是你的笑颜。,奇珍时装
最后的故事,,1888回声,8388碎片,曾经有人问过那个怪物为什么从来不飞走，我们都知道，这个牢笼是关不住她的，怪物把玩着一枚黑色鸟羽，发出咯咯的笑声，她说：“你觉得，我最想要的，是自由么？”,稀世随身物品
最后的馈赠,稀世,1888回声,8388碎片,维克多的诗人朋友赠予他的礼物，没想到，却成了他们最后一面的见证。,稀世品质随身物品
最后的致意,,1068回声,,致那位咨询侦探的最后留言。,奇珍随身物品
最后一舞,,1388回声,4888碎片,最后的舞蹈，既是对昔日的家园的缅怀，也是对入侵者不死不休的宣战,奇珍时装
罪人头像,独特,258回声,968碎片,凝固的哀嚎，预示着罪孽的诞生。,独特品质随身物品
作响的铃铛,奇珍,788回声,2988碎片,传说曾经是为节日带来欢庆气氛的铃铛，一场变故之后，它成为了人人避之不及的存在，如果你再听到这铃声，可要赶紧躲起来。,奇珍品质随身物品
